recommendedAction,reason,reviewDecision,commercialAreaCode,commercialAreaName,storeCount,latitude,longitude
EXCLUDE,기준점 성격의 공공·의료·행정 시설명,,GGD-ADGNA6VPTL4XB47QD6G7JPQW6N,경안동주민센터,1138,37.4091995,127.2567502
EXCLUDE,기준점 성격의 공공·의료·행정 시설명,,GGD-6SOVRBI2ER2TRVOSICCEC74ONY,용인역북우편취급국,782,37.2363228,127.2054005
EXCLUDE,기준점 성격의 공공·의료·행정 시설명,,GGD-CK5C3EXCIXFH3SYGXF7DA2MSAS,야탑1동주민센터,710,37.4117507,127.1305758
EXCLUDE,기준점 성격의 공공·의료·행정 시설명,,GGD-KWZZL4YUVLIA7KLZFEYAF2QSAU,시흥정왕동우체국,706,37.3457803,126.7499519
EXCLUDE,기준점 성격의 공공·의료·행정 시설명,,GGD-YLVPWMGBKQK4LRZSXZUTC4T7X3,동탄119안전센터,671,37.2063042,127.0733994
EXCLUDE,도로·길 원본 구간명,,GGD-U22ZGJESYMBUI4A5MA3XWTVCYL,오목로225번길_1,658,37.7449596,127.0962256
EXCLUDE,기준점 성격의 공공·의료·행정 시설명,,GGD-5RA2KNC5CAEVWUBPCINYBGXPDJ,파주금촌동우체국,654,37.7614880,126.7737193
EXCLUDE,기준점 성격의 공공·의료·행정 시설명,,GGD-WXBKKNLNFTERF2NR7E3H6WZD7D,오산신장동우편취급국,598,37.1567551,127.0652701
EXCLUDE,도로·길 원본 구간명,,GGD-ZWZG6VCLCBJS7OWZWGZLGKOP5M,광덕대로_2,597,37.3106871,126.8313453
EXCLUDE,기준점 성격의 공공·의료·행정 시설명,,GGD-HSQ2YRTLRMNMBGMVPY524NYSHB,심곡본1동주민센터,572,37.4813392,126.7813146
EXCLUDE,도로·길 원본 구간명,,GGD-ARLQQRPTWMVGVXWGWLQ3LSY7GH,상일로,550,37.4900305,126.7558101
EXCLUDE,기준점 성격의 공공·의료·행정 시설명,,GGD-UFP3A2XF7YNJJOCWTV7K6MIML6,심곡119센터,546,37.4880000,126.7814005
EXCLUDE,도로·길 원본 구간명,,GGD-SO3XJZRYDGGEWOD7B7RBRPSFV2,평촌대로_1,545,37.3838201,126.9613899
EXCLUDE,도로·길 원본 구간명,,GGD-KZQXEPX2W3ELICXOPFWRZDZF4K,풍덕천로_3,539,37.3245511,127.0961515
EXCLUDE,기준점 성격의 공공·의료·행정 시설명,,GGD-VU65MU5OJCZ4KO6X6HANO2USQY,남양주장현우편취급국,525,37.7184747,127.1831329
EXCLUDE,도로·길 원본 구간명,,GGD-3HXAVFUM64TFHEIM723PIK6QFZ,원곡로_1,502,37.3302523,126.7918468
EXCLUDE,기준점 성격의 공공·의료·행정 시설명,,GGD-JEOFVCY25XJQO2G4PMGSZ2RWTB,신장1동주민센터,498,37.5388702,127.2069821
EXCLUDE,도로·길 원본 구간명,,GGD-MY2YVH7BYZF5T63UI72FKZLHU3,구갈로60번길,489,37.2811222,127.1122707
EXCLUDE,도로·길 원본 구간명,,GGD-4TZAG6EQCKMS7MGRX55AIV2PFN,호국로_2,486,37.6567316,126.8377054
EXCLUDE,도로·길 원본 구간명,,GGD-ZY3677HB6Z6Y2BIK2TJ6KKRXBM,문향로,474,37.8600195,126.7864765
EXCLUDE,도로·길 원본 구간명,,GGD-OTLWFGWHN37BNLDEPAA2ZMVUGG,금빛로,458,37.7518310,126.7671863
EXCLUDE,도로·길 원본 구간명,,GGD-L52VFRJBK6ZSUSJMTHON3CKRCB,비전5로_1,453,37.0001677,127.1147062
EXCLUDE,기준점 성격의 공공·의료·행정 시설명,,GGD-M7A46VWYSGDCQF2PU4QGGIL656,성남태평동우체국,449,37.4438475,127.1359715
EXCLUDE,기준점 성격의 공공·의료·행정 시설명,,GGD-EQNRG5DFPZSKVFWMTWVVXJ2NNN,신봉동주민센터,442,37.3219524,127.0784143
EXCLUDE,도로·길 원본 구간명,,GGD-3V4GWR5L3PIXE4PUKBMJQZQEHU,동탄반송1길,429,37.2095688,127.0630164
EXCLUDE,기준점 성격의 공공·의료·행정 시설명,,GGD-7CMIHLXST3Q3P5OVJBSH7RKIQT,운동장지구대,421,37.4044164,126.9549541
EXCLUDE,도로·길 원본 구간명,,GGD-MOXFQM7OJEUSY4TKOCQRFCG4PT,평촌대로_2,420,37.3829008,126.9594834
EXCLUDE,기준점 성격의 공공·의료·행정 시설명,,GGD-ESX2X2R6PSF6IE7DDDKLVJKFQR,화성와우우편취급국,413,37.2153874,126.9776293
EXCLUDE,기준점 성격의 공공·의료·행정 시설명,,GGD-J7HOWPTPRW4JAJEKZV2QRZ5OVJ,안산고잔1동우체국,411,37.3089722,126.8312005
EXCLUDE,기준점 성격의 공공·의료·행정 시설명,,GGD-2XXHK6VJNBKREOMYFPGJRJHUE2,발안파출소,407,37.1323476,126.9081945
EXCLUDE,기준점 성격의 공공·의료·행정 시설명,,GGD-TY2GONYXTHCAWLR6TKKRXPTWSF,경기남양우체국,402,37.2095091,126.8167594
EXCLUDE,도로·길 원본 구간명,,GGD-OU5QJRLDAJTHLXMOBTWTR5GOR7,광덕대로_1,400,37.3136204,126.8287659
EXCLUDE,도로·길 원본 구간명,,GGD-6EZXAC7TJZBA7ATNXOQAKXJQR3,만현로,398,37.3080959,127.0848779
EXCLUDE,기준점 성격의 공공·의료·행정 시설명,,GGD-HL3YUNUTQZ7LTCD637UCNUPOWH,인창지구대,397,37.6047815,127.1410839
EXCLUDE,도로·길 원본 구간명,,GGD-YEM7ILD5YQUIKCMFVSUUXO5GET,청사로47번길,395,37.7519679,127.0690122
EXCLUDE,기준점 성격의 공공·의료·행정 시설명,,GGD-ZHRVISMQDURNRCWVXJQ2NASJAN,복정동주민센터,390,37.4608419,127.1272654
EXCLUDE,도로·길 원본 구간명,,GGD-BLD4T52PYPKSEYC2VWWXERPQLZ,김포한강4로,389,37.6442667,126.6673646
EXCLUDE,기준점 성격의 공공·의료·행정 시설명,,GGD-UMR27PVMHAGHRYK4FSZ5CMQ2JU,수원화서아파트우편취급국,383,37.2786364,127.0007786
EXCLUDE,도로·길 원본 구간명,,GGD-YQOV7LSKRPZVERJI3QDXAV73F3,조마루로291번길,379,37.4991675,126.7762034
EXCLUDE,도로·길 원본 구간명,,GGD-J7X4BOBBTOADWGOXDXI54ST7J7,효원로,376,37.2594536,127.0443021
EXCLUDE,도로·길 원본 구간명,,GGD-4BJLHVA2P3E6QYUDQTX6B5VHWL,반달로7번길,372,37.2527234,127.0747892
EXCLUDE,도로·길 원본 구간명,,GGD-RCGR3L2PYV6WS5B5HJXO6JWENS,숲속마을로,369,37.6676287,126.8002923
EXCLUDE,도로·길 원본 구간명,,GGD-ZTPFWFPXLBBF7SUM4F2OY2JUOR,무궁화로_1,367,37.6629984,126.7652791
EXCLUDE,도로·길 원본 구간명,,GGD-GRCUTOQDI42VP2QRXCPDLW7DAT,지행로,364,37.8917992,127.0535971
EXCLUDE,도로·길 원본 구간명,,GGD-R2JYI7JCL43DJYYA2Q7QNZ7VCF,초지로,364,37.3074028,126.8158382
EXCLUDE,기준점 성격의 공공·의료·행정 시설명,,GGD-7OJ6IQP6DCFNYMR53PJ3O2332F,안산이동우체국,360,37.3073533,126.8510374
EXCLUDE,도로·길 원본 구간명,,GGD-ASKGLUDRLAZWFVUO75OCJPPOKG,아주로,358,37.2765597,127.0444721
EXCLUDE,기준점 성격의 공공·의료·행정 시설명,,GGD-MOENV4D3TWBSBLEMEVI24CFB5D,금촌119안전센터,357,37.7568604,126.7773388
EXCLUDE,도로·길 원본 구간명,,GGD-RT6HUIISP6V5LK3JKTQFO6MTI2,효행로_2,356,37.2141850,127.0389608
EXCLUDE,도로·길 원본 구간명,,GGD-AYSZSIOP2DXP7KZOUO3YIR44XV,송내대로73번길,351,37.4899424,126.7525545
EXCLUDE,기준점 성격의 공공·의료·행정 시설명,,GGD-UWKBP2RVIXWIKNVZLXBHHRHMAY,수원권선주공우편취급국,346,37.2566275,127.0242419
EXCLUDE,도로·길 원본 구간명,,GGD-6AJAJX2RKCDUXMT5XMVVFXHAPR,엘에스로_1,338,37.3723052,126.9519213
EXCLUDE,도로·길 원본 구간명,,GGD-TD5SGDSXPANTRWLYJ5FWXTYTMO,풍덕천로_1,337,37.3218102,127.0952844
EXCLUDE,도로·길 원본 구간명,,GGD-IF5LKNJXEXNJFL3UTVU75YUN4C,광덕4로_2,332,37.3134362,126.8386567
EXCLUDE,도로·길 원본 구간명,,GGD-DX6OTM6F6URMHV4XHBBGAKUN7W,예술광장로,329,37.3289903,126.8446402
EXCLUDE,도로·길 원본 구간명,,GGD-Z742667TBPGDL3ZUOOJIRNGTJJ,별내5로5번길,327,37.6514247,127.1141691
EXCLUDE,기준점 성격의 공공·의료·행정 시설명,,GGD-H4MJ3Z7XUZ5YQZXC34A3IBB2S2,수원북문우체국,325,37.2914387,127.0143952
EXCLUDE,도로·길 원본 구간명,,GGD-4U22FL2NZI7MLTCP3DMUA7GDMI,대청로,324,37.5406170,127.2128108
EXCLUDE,도로·길 원본 구간명,,GGD-CEHAEANDQAO2DCR7XCTJ3ZSBCL,충장로,324,37.6139204,126.8350654
EXCLUDE,도로·길 원본 구간명,,GGD-HUPRZBMGO3PBRAFICFSZ5YDUZ3,동화길,323,37.2172960,126.9592868
EXCLUDE,기준점 성격의 공공·의료·행정 시설명,,GGD-H53DL7O4JNLQA62LRF4YEKZOIZ,남양주호평우편취급국,320,37.6560183,127.2468021
EXCLUDE,도로·길 원본 구간명,,GGD-HZZ4DALRFZV76VSBXNQR234CLY,비전5로_2,319,37.0012466,127.1135179
EXCLUDE,도로·길 원본 구간명,,GGD-MBLFV4HZWMCS367LQKCNVVJ7UF,김포한강1로78번길,316,37.6452836,126.6718596
EXCLUDE,도로·길 원본 구간명,,GGD-MMFRDG2AV7UX7FAPDSQQCPMJVD,라성로,314,37.3274825,126.8015784
EXCLUDE,도로·길 원본 구간명,,GGD-GXBMC5CT5R7GXYXTF4XLUAZOKA,중앙2길,307,37.0088230,127.2712579
EXCLUDE,도로·길 원본 구간명,,GGD-DSDEODVORMVRHKPVWJJKX6GRNN,시민대로_2,305,37.3913879,126.9499319
EXCLUDE,도로·길 원본 구간명,,GGD-F663N4PBCM5FN2BPCBB24X62NO,경춘로_2,304,37.5989985,127.1356859
EXCLUDE,도로·길 원본 구간명,,GGD-2P35WOZPDISP2GSXVDB4YDMM7J,영창로_1,302,37.2810088,127.4405278
EXCLUDE,도로·길 원본 구간명,,GGD-L432YHHFLGKUMSSHTLUIPUKSCO,호수로,300,37.6389323,126.7878883
EXCLUDE,기준점 성격의 공공·의료·행정 시설명,,GGD-P7RBSA5RJH7YJJBSDMQMIFHDGC,정자119안전센터,299,37.2957167,126.9941017
EXCLUDE,도로·길 원본 구간명,,GGD-SLBSYQBLQP6J7TTOVXMWTR7J7D,중앙로_2,297,37.0065712,127.2681095
EXCLUDE,도로·길 원본 구간명,,GGD-OB4EFPID64MHFOKM7VVGECR3QZ,광덕1로,291,37.3081840,126.8500859
EXCLUDE,도로·길 원본 구간명,,GGD-THHAUGPPRLHISHI3KFZUHDD2J2,아주로,291,37.2774341,127.0430177
EXCLUDE,도로·길 원본 구간명,,GGD-WDHO6PFW25RSYQLNXH3WNB2HC3,세지로66번길,290,37.2590204,127.0206215
EXCLUDE,도로·길 원본 구간명,,GGD-BKTYN3JSW75XID3GGY2DTAFDT2,센트럴파크로127번길,288,37.2941040,127.0527674
EXCLUDE,기준점 성격의 공공·의료·행정 시설명,,GGD-NM5UVIQFAOZLHCJXZUTS4VOLFX,수지구청,287,37.3238818,127.0982138
EXCLUDE,기준점 성격의 공공·의료·행정 시설명,,GGD-UGSNG2SHWPQRRONAWRKYKAZ36B,보정동주민센터,284,37.3195682,127.1144174
EXCLUDE,도로·길 원본 구간명,,GGD-FV67FZJHIRP52NW7J5JWEVCEQL,청명남로34번길,283,37.2519383,127.0761227
EXCLUDE,기준점 성격의 공공·의료·행정 시설명,,GGD-ZI32EEVVZISSOXYE5JDMPRIAX3,의정부2동우체국,282,37.7396343,127.0407970
EXCLUDE,기준점 성격의 공공·의료·행정 시설명,,GGD-G7RXCD7JVGS2NNVKNERIL4DTKY,부천심곡2동우편취급국,281,37.4879776,126.7843838
EXCLUDE,도로·길 원본 구간명,,GGD-JVAD647ZFYPSUUCIYWLUQK5ESA,운중로_1,279,37.3903302,127.0907054
EXCLUDE,도로·길 원본 구간명,,GGD-KMZTSGZPO3KH74CUXGEGAXMPPV,선부광장1로_2,278,37.3357591,126.8118056
EXCLUDE,도로·길 원본 구간명,,GGD-TTJAZ3TSRHIB5U5QXXXTQBT7JM,세지로,278,37.2548933,127.0184781
EXCLUDE,기준점 성격의 공공·의료·행정 시설명,,GGD-NWN4MTKYOQ3LNLRWEAJXWHAB5Y,장호원우체국,277,37.1179952,127.6283488
EXCLUDE,기준점 성격의 공공·의료·행정 시설명,,GGD-YFOPUD7QXRBFID2G6LODR4DCZO,고촌읍주민센터,275,37.6023923,126.7723090
EXCLUDE,도로·길 원본 구간명,,GGD-RUMKSQEJCCMDOXWAWLJP6LZNS4,검배로_2,269,37.6007101,127.1425629
EXCLUDE,기준점 성격의 공공·의료·행정 시설명,,GGD-TL43EXNEKJDCXLQ7DX7JYZ4AVY,원종1동주민센터,269,37.5263754,126.8053934
EXCLUDE,기준점 성격의 공공·의료·행정 시설명,,GGD-OZ2WOMU6HGQH7UCXFW4M63NEVC,구리수택동우체국,266,37.5916923,127.1406336
EXCLUDE,도로·길 원본 구간명,,GGD-3RG4MRZD7BU53LOAV4DKQZCSXG,안성맞춤대로,264,37.0095715,127.2656220
EXCLUDE,기준점 성격의 공공·의료·행정 시설명,,GGD-HWOSVX6YVDP7ITAGJLVX3DA6TI,호계1동주민센터,264,37.3728121,126.9585116
EXCLUDE,기준점 성격의 공공·의료·행정 시설명,,GGD-RC5UKR6ETXO6DXOPAG3CKTCQFZ,평내동주민센터,263,37.6470434,127.2362187
EXCLUDE,도로·길 원본 구간명,,GGD-Q64VIVLNB7DDICRF6O4CBLGLLL,정왕대로,258,37.3472828,126.7336563
EXCLUDE,도로·길 원본 구간명,,GGD-KBWD7F2XXZWMHRVZSZJT5OT3OS,부곡시장길,256,37.3189960,126.9526871
EXCLUDE,도로·길 원본 구간명,,GGD-AJALUHZ7JC6ZIUQAH2L32RMKPV,범골로145번길,254,37.7372709,127.0404936
EXCLUDE,도로·길 원본 구간명,,GGD-BRHV472SQVG2OHC47HPP2W2QBI,화중로130번길,253,37.6388862,126.8335030
EXCLUDE,도로·길 원본 구간명,,GGD-WD7DYWDDBQMPNNIWGYY5PCVXMU,애련정로87번길,252,37.2789351,127.4480743
EXCLUDE,도로·길 원본 구간명,,GGD-IZA25YLEC5HNPYPPILJKLW3276,고산로_1,249,37.3473790,126.9442948
EXCLUDE,도로·길 원본 구간명,,GGD-3WJAC3R3KMT2BE32XMIEUPJNUR,무원로6번길,249,37.6140472,126.8331196
EXCLUDE,도로·길 원본 구간명,,GGD-6P3GQT2YJL2JUSIZPIZIZ27IFD,미래로602번길,249,37.7323611,126.7513359
EXCLUDE,기준점 성격의 공공·의료·행정 시설명,,GGD-3GUHU6TJ7RNMTMHUKE6MDLGVWS,초지동주민센터,248,37.3095165,126.8160167
EXCLUDE,도로·길 원본 구간명,,GGD-CTB4G7DZFMB465WWS3MB4YRN6M,중앙로,247,37.4162227,127.2558207
EXCLUDE,도로·길 원본 구간명,,GGD-KLR2JRDYA7CSZQQ6BHQ6W3STVN,동탄문화센터로,245,37.2001360,127.0717984
EXCLUDE,도로·길 원본 구간명,,GGD-7BM53345MMH7CGOJ7RGYI4VLP5,일산로_4,245,37.6557946,126.7882346
EXCLUDE,기준점 성격의 공공·의료·행정 시설명,,GGD-IN6TWPQGU3GNPR2SDNCL6CRGVN,양주덕정동우체국,241,37.8417715,127.0626394
EXCLUDE,도로·길 원본 구간명,,GGD-OK3JFMQS6EWBNJ5COUO5INZHRZ,운천로,240,37.1501876,127.0742168
EXCLUDE,도로·길 원본 구간명,,GGD-HEBCLLEM3RFDX2JUMBJD3Q3FJV,별내3로,239,37.6665436,127.1175954
EXCLUDE,도로·길 원본 구간명,,GGD-PPHRXUZPQFJGSQGAOL4HS4W7DG,벌말로,238,37.3987993,126.9706183
EXCLUDE,도로·길 원본 구간명,,GGD-EJF3DECQDGP6ADXAVGJJXFCPLN,오목로225번길_2,238,37.7457931,127.0981149
EXCLUDE,기준점 성격의 공공·의료·행정 시설명,,GGD-T56THTEOZ5W23KQTCDA4ADEL4P,서정지구대,237,37.0588307,127.0546753
EXCLUDE,기준점 성격의 공공·의료·행정 시설명,,GGD-S7DXKNTY6GOMU7IBISTTKA4DGI,안양우체국,237,37.3925184,126.9535862
EXCLUDE,도로·길 원본 구간명,,GGD-PSXSGCGPIOQXNCG3PVU3UM3BJD,광명로,236,37.4732688,126.8529496
EXCLUDE,도로·길 원본 구간명,,GGD-H3D3QE5X6WSGPLWF6SVXCIPC2P,검배로_1,235,37.5958100,127.1447548
EXCLUDE,기준점 성격의 공공·의료·행정 시설명,,GGD-YALPMWTI5N2IHXI26E2XI4ZONF,남양주청학우편취급국,234,37.7082610,127.1180064
EXCLUDE,기준점 성격의 공공·의료·행정 시설명,,GGD-KZ5R3ABTW5RQ44WN3NE42G4Y4X,수원정자동우편취급국,234,37.3070325,126.9920680
EXCLUDE,도로·길 원본 구간명,,GGD-UITWQGSAUMWEMFYHO6C46OKONN,공도4로,233,37.0008614,127.1717152
EXCLUDE,도로·길 원본 구간명,,GGD-M64MAFZ6GBH7WUKRW32BBOH4MD,서부로,233,37.2980037,126.9700338
EXCLUDE,도로·길 원본 구간명,,GGD-FFKJ7MFNVM64XSXPNLFMQIERXE,평남로_2,231,37.0034881,127.1041801
EXCLUDE,도로·길 원본 구간명,,GGD-ZBSU6VJ6J7SA63BYGP7UZLWNFV,중앙로,229,37.6559508,126.7741026
EXCLUDE,기준점 성격의 공공·의료·행정 시설명,,GGD-7MBJSJXKKAF5DE67BQRDS3AY54,남양주시청,227,37.6351465,127.2134323
EXCLUDE,도로·길 원본 구간명,,GGD-TENC5ETQRZCXDHYFRRSWFVZK67,장자대로86번길,227,37.5869944,127.1391346
EXCLUDE,도로·길 원본 구간명,,GGD-AXN6MPI33DLURVJPDUIWACGRWC,별내중앙로_2,225,37.6463671,127.1260126
EXCLUDE,도로·길 원본 구간명,,GGD-3CGOSILJ7O7SETEGGXYUXYTYGL,대지로,223,37.3277622,127.1139700
EXCLUDE,도로·길 원본 구간명,,GGD-757DRMATNNBC6DPRPIGU333Z72,고불로,221,37.3927856,127.2320571
EXCLUDE,도로·길 원본 구간명,,GGD-22O3V4SA2LUGEA4HQDVMZGWMJN,무궁화로_2,220,37.6647021,126.7673998
EXCLUDE,도로·길 원본 구간명,,GGD-27LSTJZH3RGFDQVRM4J5LCPXBT,화신로,219,37.6302559,126.8311307
EXCLUDE,도로·길 원본 구간명,,GGD-WIW7UTE3YM6EO7S6KZ4WZY4OFP,고잔로,218,37.3201818,126.8321792
EXCLUDE,도로·길 원본 구간명,,GGD-XU3IZBXQQ7RJI5QRRKLISV37WC,사릉로,218,37.6580370,127.1770515
EXCLUDE,도로·길 원본 구간명,,GGD-2JALR7UV6AMGNZS72IQSAW6Y4T,부흥로315번길,217,37.4962870,126.7769859
EXCLUDE,도로·길 원본 구간명,,GGD-WPQLWICREAHKPQRHTJBRGU64IQ,서정로,217,37.0634586,127.0580472
EXCLUDE,도로·길 원본 구간명,,GGD-KIEG2WOHZPDSEQALD2GPCXCTXV,안청로,217,37.0182448,126.9167209
EXCLUDE,기준점 성격의 공공·의료·행정 시설명,,GGD-YRFGE7JB6ODDUAMVPM6FPYPQPJ,용인구성우체국,217,37.2940857,127.1190156
EXCLUDE,도로·길 원본 구간명,,GGD-A3F4NUESHONBPVQBC64O3MTNCZ,죽전로,217,37.3214929,127.1100690
EXCLUDE,기준점 성격의 공공·의료·행정 시설명,,GGD-G6SLQUKOD23VCUHYIUW3XPFLQ6,매산동주민센터,215,37.2695365,127.0067022
EXCLUDE,도로·길 원본 구간명,,GGD-LY2X5GKVNMB5JNWKK7BBEAAVEC,중앙로119번길,215,37.8976384,127.2018478
EXCLUDE,도로·길 원본 구간명,,GGD-67VTGIEXCPWGXQE7LHA6II6IZZ,광교중앙로,214,37.2969037,127.0682953
EXCLUDE,도로·길 원본 구간명,,GGD-4OAMZIKDHOWAKTQXHUACJSRYXX,대원로,214,37.1474357,127.0747882
EXCLUDE,기준점 성격의 공공·의료·행정 시설명,,GGD-PA7KQ5BWNMNFHODAKEZ3JAN4LV,곤지암우체국,212,37.3492857,127.3417453
EXCLUDE,도로·길 원본 구간명,,GGD-52IASLMF27Y2T6QKAVXP3ISJRO,김포한강1로_2,212,37.6539905,126.6868068
EXCLUDE,도로·길 원본 구간명,,GGD-5BJ3QXQN5XVQIY4ALHKADYFHDJ,강남동로_1,211,37.2709309,127.1277073
EXCLUDE,기준점 성격의 공공·의료·행정 시설명,,GGD-FABPO2EH6NEQGWL7OVKO4QQS4Q,안양8동주민센터,210,37.3855717,126.9318551
EXCLUDE,도로·길 원본 구간명,,GGD-ZTPWNRPXZY2LMUNARLB64BUP3J,수정로_1,209,37.4403597,127.1325200
EXCLUDE,도로·길 원본 구간명,,GGD-KOH5SYOTOL42YHGKTLPTQ6NMYZ,역곡로,205,37.5275249,126.8146776
EXCLUDE,도로·길 원본 구간명,,GGD-UCSUM2VVYUJ6SE33CRTJBH4FMK,평택로32번길,203,36.9908841,127.0918952
EXCLUDE,도로·길 원본 구간명,,GGD-M6CKIOGMIXVFKLWUQ2BTKSA5A4,산성대로,202,37.4431469,127.1546762
EXCLUDE,기준점 성격의 공공·의료·행정 시설명,,GGD-32IEGLIRIJAWMD3DC65KPHZP5M,평택세교동우편취급국,202,36.9997150,127.0805386
EXCLUDE,도로·길 원본 구간명,,GGD-Y4C736EHBOKKP32MNFTDLOYTJH,동백중앙로,201,37.2817195,127.1602561
EXCLUDE,기준점 성격의 공공·의료·행정 시설명,,GGD-5AI5R2PROBOQABN5DE5YZ66TJU,신흥1동주민센터,201,37.4426591,127.1386872
EXCLUDE,도로·길 원본 구간명,,GGD-HGXBS6S7YKHELRQW2T3X4ROV6I,번영로,199,37.7599152,126.7672296
EXCLUDE,도로·길 원본 구간명,,GGD-SXJBKL6IM42OXST5RIIKXXUKQG,중앙로,197,37.6186262,126.8455985
EXCLUDE,기준점 성격의 공공·의료·행정 시설명,,GGD-BFN7ITUL2Z743JX6HYLK3EAA36,법원리우체국,194,37.8493882,126.8735797
EXCLUDE,도로·길 원본 구간명,,GGD-NOE54SE5NAYU2SMI2TDGQKYT2H,신구로,194,37.2763097,127.1096857
EXCLUDE,도로·길 원본 구간명,,GGD-56M5VCV6VFQXIQIXXM6LWGSPBW,탄중로431번길,194,37.6850280,126.7784657
EXCLUDE,기준점 성격의 공공·의료·행정 시설명,,GGD-YGN645GQ43H7VE7GEWJE2BU5W3,부천고강동우체국,193,37.5267972,126.8169509
EXCLUDE,기준점 성격의 공공·의료·행정 시설명,,GGD-JOL6GZNB374VULWAPCQNKADLQ5,수원지방법원안양지원우편출장소,193,37.3955194,126.9625236
EXCLUDE,도로·길 원본 구간명,,GGD-IPQ24RAZNBY6EI3GUOTMOYLBI7,장곡로,192,37.3786136,126.7848738
EXCLUDE,도로·길 원본 구간명,,GGD-IDSMAEJWQFTBCWNKCFB2SV2NLJ,내정로17번길,190,37.3619664,127.1139485
EXCLUDE,도로·길 원본 구간명,,GGD-XMH3IYIUDMX23XSXHQUTHBBDPN,흥안대로,189,37.3945042,126.9705228
EXCLUDE,도로·길 원본 구간명,,GGD-J77WTDAAI7MIDWNM22ZCCFL6ZD,김포한강9로,188,37.6431410,126.6241407
EXCLUDE,도로·길 원본 구간명,,GGD-H6ULM5WZ72UVU6JMRQ3WS5COE3,오리로_2,188,37.4588805,126.8755670
EXCLUDE,도로·길 원본 구간명,,GGD-6KKWF26QZMCFFDF7CX7FKIVTFZ,강남로,187,37.2719638,127.1265338
EXCLUDE,도로·길 원본 구간명,,GGD-EUKAP4YUVL3SAAZHFWDCE7TWVX,강송로73번길,187,37.6456935,126.7903994
EXCLUDE,도로·길 원본 구간명,,GGD-UZ6O5NOMLVLQZFEHVDBBWLVLC5,선부광장1로_1,187,37.3361485,126.8087410
EXCLUDE,도로·길 원본 구간명,,GGD-VJ5SCM3IPG7P7Q6BNZ45OGIHUE,여술4길,186,36.9898036,126.8453137
EXCLUDE,도로·길 원본 구간명,,GGD-64GZKCD6MJOMCUZ4WS46MM6R26,원곡로_2,186,37.3296546,126.7928377
EXCLUDE,도로·길 원본 구간명,,GGD-XQSKKQWNLYKDFPGBWT62ZSOIJA,일현로_2,186,37.6906445,126.7631762
EXCLUDE,도로·길 원본 구간명,,GGD-OSBC2F3CT4I2XHUSTAHSHI4AJD,중앙로_1,185,37.8929324,127.0536682
EXCLUDE,기준점 성격의 공공·의료·행정 시설명,,GGD-LAOVW7AW3ZEFU3SV25K54X3E6S,행신1동주민센터,183,37.6230444,126.8348925
EXCLUDE,도로·길 원본 구간명,,GGD-QWVQB7WU4Q7JZKGV2YYKMTABCR,호현로,183,37.4800693,126.7934158
EXCLUDE,도로·길 원본 구간명,,GGD-345YZUNMHPD4FGNMS45O5PTIFA,비전9길,182,37.0027558,127.1117615
EXCLUDE,도로·길 원본 구간명,,GGD-PN2WYJJPCANWTPZVCSUSRBUEMG,삼성1로,182,37.2171850,127.0786708
EXCLUDE,도로·길 원본 구간명,,GGD-ZJ4MA5NS4XKH5QE5KRF7FN6TWW,오리로_1,182,37.4349627,126.8802538
EXCLUDE,기준점 성격의 공공·의료·행정 시설명,,GGD-BIFXTZZVQTA7DNLNN5CPNXMQ56,포천시청,182,37.8945077,127.1999810
EXCLUDE,도로·길 원본 구간명,,GGD-VF7RV2BP2XQIYXLPOPRW5TFYN6,엘에스로_2,181,37.3721670,126.9471514
EXCLUDE,도로·길 원본 구간명,,GGD-UAQLUGUCO7LNLNDBUZG2ECOE2T,이충로35번길,181,37.0599305,127.0658273
EXCLUDE,기준점 성격의 공공·의료·행정 시설명,,GGD-RA7ZKUPHSJRJ3T5AFHIDCLZZIM,광명7동주민센터,180,37.4686346,126.8529522
EXCLUDE,기준점 성격의 공공·의료·행정 시설명,,GGD-X7AQY56NMWZKWKTMP32KQZIQUJ,상2동주민센터,180,37.5012289,126.7546815
EXCLUDE,도로·길 원본 구간명,,GGD-FGBKLSNXSKMEZTIPWUO4X2FAHE,소하로,180,37.4477105,126.8825385
EXCLUDE,기준점 성격의 공공·의료·행정 시설명,,GGD-3GDGYD7UK2Y6C4GV54TJYCGOOE,의정부용현동우편취급국,180,37.7356779,127.0872664
EXCLUDE,도로·길 원본 구간명,,GGD-NDQXSM65F47LGHGMUXP2ILOMQM,소사로_1,175,37.5238420,126.8039371
EXCLUDE,기준점 성격의 공공·의료·행정 시설명,,GGD-NAOO55IO2WWATSCW3JRIIDKQMR,봉일천우체국,174,37.7437172,126.8064789
EXCLUDE,도로·길 원본 구간명,,GGD-FVX5JSAPKH66XNQGDVO2Q2LQBF,갈미2로,173,37.3794315,126.9722222
EXCLUDE,도로·길 원본 구간명,,GGD-4H7IW2LAGU7CPQYKIEIL4C4VO4,대학10길,172,37.0010573,127.2263383
EXCLUDE,도로·길 원본 구간명,,GGD-7A4VVL4CM6PYP7OL6P5XWFRAXR,삼천병마로_2,172,37.2192095,126.9509997
EXCLUDE,도로·길 원본 구간명,,GGD-VECBSHEYZC6QL4MHZVDGNQX5PC,조원로,172,37.3010859,127.0145841
EXCLUDE,도로·길 원본 구간명,,GGD-WOQWIIGPWU32JQMFPWNSBSAMGX,호국로_1,172,37.6565531,126.8345714
EXCLUDE,도로·길 원본 구간명,,GGD-AOX55QNEOCNS5M3RKROSUERA7H,광덕4로_1,170,37.3142321,126.8250838
EXCLUDE,도로·길 원본 구간명,,GGD-L2CFT6IQSEZKT2C2MQSWKLXU3R,여흥로,170,37.2945675,127.6348271
EXCLUDE,도로·길 원본 구간명,,GGD-C77N3RMQ3MV7GWYWQKMHZ3WETG,영통로,169,37.2348625,127.0619959
EXCLUDE,도로·길 원본 구간명,,GGD-W73OI6YAJXG2TKLLBRP6SHXUAZ,신원로,168,37.6639491,126.8892206
EXCLUDE,도로·길 원본 구간명,,GGD-IDEN26DANICH4R73X3JX2WVWV5,추동로,168,37.7437507,127.0565015
EXCLUDE,도로·길 원본 구간명,,GGD-3WIQV3GHKY576TBLQ4QQHT4UTH,탄중로101번길,168,37.6934949,126.7562026
EXCLUDE,기준점 성격의 공공·의료·행정 시설명,,GGD-WCAARNNPSTSPZK6Q4SAI2VUCQO,포천선단우편취급국,167,37.8521413,127.1642689
EXCLUDE,도로·길 원본 구간명,,GGD-76435EWCQ743VN53HUTZMYLPJG,회정로,167,37.8367691,127.0683511
EXCLUDE,도로·길 원본 구간명,,GGD-GZL4UEUD5E6QTZLRZKJE574OSC,사우중로74번길,166,37.6218373,126.7217514
EXCLUDE,기준점 성격의 공공·의료·행정 시설명,,GGD-GDVIVWXRPAK6WACDTBWWF4NPP6,송산동주민센터,166,37.6907775,126.7563497
EXCLUDE,도로·길 원본 구간명,,GGD-3KWDVZ5HTG6ZSDK2XYWOMTFQM3,안양로329번길,166,37.4016037,126.9177480
EXCLUDE,도로·길 원본 구간명,,GGD-LQZKO4USDIDQZONU6FSQYGB2GH,장터로,165,37.1161515,127.6303161
EXCLUDE,도로·길 원본 구간명,,GGD-4VFU46HGCRJAABSY6NF36V7TSQ,한마음1길,164,37.7564784,126.7713111
EXCLUDE,도로·길 원본 구간명,,GGD-VJS5VPM2IT2OMJEAP7PDTVHHY4,해밀예당1로216번길,164,37.7191536,127.2019796
EXCLUDE,도로·길 원본 구간명,,GGD-VB63233AN6VSNZJPFM3AR7FUQP,수성로261번길,163,37.2905083,127.0004989
EXCLUDE,도로·길 원본 구간명,,GGD-RORPSZHZ5XZYYLDYXFSTRX4PM2,중앙2로_1,163,36.9901087,127.1026585
EXCLUDE,도로·길 원본 구간명,,GGD-JUMKRNN6K6OVZUAY255SVZM5IL,현암로_1,163,37.3312728,127.1272236
EXCLUDE,도로·길 원본 구간명,,GGD-JIZAK3HPP5D5WX46Y7IBVQAFUG,성남대로997번길,162,37.4177012,127.1260585
EXCLUDE,도로·길 원본 구간명,,GGD-MZEDGPGMUNYULRPKAAAC5HUEUI,시민로,162,37.7396958,127.0443693
EXCLUDE,도로·길 원본 구간명,,GGD-TPYMK7C6FEMFS5EM3GLPCCSGCA,부일로_1,161,37.4875845,126.7626813
EXCLUDE,도로·길 원본 구간명,,GGD-G6OUTYDHZ43N6D5OR5EGO7FBNQ,죽전로,161,37.3236689,127.1241970
EXCLUDE,도로·길 원본 구간명,,GGD-3YOHGZFLLATRNP2QAAHRGKXODU,청사로5번길,161,37.7494766,127.0700678
EXCLUDE,도로·길 원본 구간명,,GGD-KRW27MLDMM7OPDXVSNMOSFIDVL,당곡로,160,37.3181954,126.8320691
EXCLUDE,도로·길 원본 구간명,,GGD-ACTYZ7W7KEFJDI53DFBNA6OJ43,신현로_1,160,37.3612342,127.1517183
EXCLUDE,도로·길 원본 구간명,,GGD-T7SMVDIQW62EK6B2EWDZZXN6K5,중심상가로_3,160,37.3457012,126.7321446
EXCLUDE,기준점 성격의 공공·의료·행정 시설명,,GGD-7WJ4LJJC2BZZPVGLVOTO677FJC,덕소우체국,159,37.5881357,127.2128147
EXCLUDE,도로·길 원본 구간명,,GGD-E57EP3Z2KOLMCCHM2H3LVYAEV4,중앙로,159,37.6689422,126.7626986
EXCLUDE,도로·길 원본 구간명,,GGD-7EJ7UBGK6UPOUNXIYNO6CSDSFW,서현로,158,37.3882051,127.1217376
EXCLUDE,도로·길 원본 구간명,,GGD-BZFL35BPBVTOLPQX5EZ2HU3RHW,동일로,156,37.7301359,127.0596437
EXCLUDE,기준점 성격의 공공·의료·행정 시설명,,GGD-HKBQ6UPXESC6A5CX3KND5VVODJ,광명우체국,155,37.4621799,126.8782163
EXCLUDE,도로·길 원본 구간명,,GGD-HSYY3OG62OGN3A43ESO7A2FZ3B,권중로56번길,155,37.2533282,127.0301807
EXCLUDE,도로·길 원본 구간명,,GGD-5OBONKYW5LMNANVLPC7FB53RED,발곡로,155,37.7308517,127.0569310
EXCLUDE,기준점 성격의 공공·의료·행정 시설명,,GGD-NZ6Q3RQHUBTPZM377Y2JYPQ623,벽제우체국,155,37.6892942,126.8650066
EXCLUDE,도로·길 원본 구간명,,GGD-XRR6GWDDGCJ6UEVBNHDED535QZ,송탄로40번길,154,37.0514562,127.0566587
EXCLUDE,도로·길 원본 구간명,,GGD-AMON3CX7JGGWACZQJUXEJ3ORKX,여술3길,154,36.9874899,126.8469279
EXCLUDE,도로·길 원본 구간명,,GGD-MEM2J2GA22UOLQJY2HK75BU33L,고읍남로,151,37.7946203,127.0803198
EXCLUDE,도로·길 원본 구간명,,GGD-Y4B3NQFWEB6LQ7CGIMECBKVA7B,위시티로_2,148,37.6781748,126.8074972
EXCLUDE,기준점 성격의 공공·의료·행정 시설명,,GGD-HS3MAB5ZKIFAF75MVWT63YYSHL,포천우체국,148,37.9008224,127.2050538
EXCLUDE,도로·길 원본 구간명,,GGD-7SCGN2IJGHNCTFK3QCNTPOVLGO,오이도로_1,146,37.3465723,126.6895699
EXCLUDE,기준점 성격의 공공·의료·행정 시설명,,GGD-LC6C7HLN5456AUJLDG6BSBSV6F,고양본동우체국,145,37.7043855,126.9017181
EXCLUDE,기준점 성격의 공공·의료·행정 시설명,,GGD-3B7UOC7FPWGDQGOOO6Y237CMGL,백암우체국,145,37.1644674,127.3730021
EXCLUDE,도로·길 원본 구간명,,GGD-MUI6OOALJSIMQFGMJEM2MVCUFS,수정남로,144,37.4398212,127.1303928
EXCLUDE,도로·길 원본 구간명,,GGD-VSPQUFHH47P66J72JSMVQZU5NN,원포공원1로,144,37.3005329,126.8122700
EXCLUDE,기준점 성격의 공공·의료·행정 시설명,,GGD-XGCT4IRGKPRT6MNQRJHJYFYP7W,내손파출소,142,37.3789963,126.9746768
EXCLUDE,기준점 성격의 공공·의료·행정 시설명,,GGD-C26OJCW54X2B3Q2AUI3JDMB5LL,중앙동주민센터,142,37.0555811,127.0557708
EXCLUDE,도로·길 원본 구간명,,GGD-2ZBKQALCGYECEFZGDG2MX6OQES,하안로,142,37.4449889,126.8950502
EXCLUDE,도로·길 원본 구간명,,GGD-KQF7JNFDELYHRN3HIAGN7J35BH,덕영대로1201번길,141,37.2504064,127.0232342
EXCLUDE,기준점 성격의 공공·의료·행정 시설명,,GGD-T37GITQNFEPR65XA5RM4FY3I4Q,시흥정왕동상가우편취급국,141,37.3531500,126.7235019
EXCLUDE,도로·길 원본 구간명,,GGD-3ALWMYQ3MNB5B6XTHYHNKSO5ZX,영통로,141,37.2388801,127.0571862
EXCLUDE,도로·길 원본 구간명,,GGD-ZV6A5CRWWAM4KNFNEZ7O6CUUKA,용구대로_1,141,37.2989742,127.1086211
EXCLUDE,도로·길 원본 구간명,,GGD-O2OEUNO5E2FEBPK4D3VXUOUYAS,평화로,141,37.8176444,127.0489021
EXCLUDE,도로·길 원본 구간명,,GGD-6DLVFS4O6TFGL6YA7PIJ67WERZ,산성대로,140,37.4396442,127.1435355
EXCLUDE,도로·길 원본 구간명,,GGD-7ZAM2KZEZSBNGZPDLP6AB5VGCX,위시티2로11번길,140,37.6765304,126.8133950
EXCLUDE,도로·길 원본 구간명,,GGD-6AO36NVEQQTZ5DAUTOWV5LKPTV,중부대로,140,37.2369248,127.1899847
EXCLUDE,도로·길 원본 구간명,,GGD-WJFZ4UZUYINQKJXM27P2XHLJAD,중부대로448번길,140,37.2668239,127.0626543
EXCLUDE,도로·길 원본 구간명,,GGD-OUZE5ZS3UAAEMUB5HZAGTLTIPF,동탄중심상가1길,139,37.2013191,127.0719073
EXCLUDE,도로·길 원본 구간명,,GGD-LCW4VVGN4TE33N5BNFXIYDT5SS,양곡1로,139,37.6535569,126.6227774
EXCLUDE,도로·길 원본 구간명,,GGD-EW2I5ZJEEZMEAFFCXWETMKY2YZ,소사로_5,138,37.5267980,126.8037494
EXCLUDE,도로·길 원본 구간명,,GGD-72DP7WQQFG7V66NX6Q2L7QOCBP,운중로_2,138,37.3925961,127.0778239
EXCLUDE,도로·길 원본 구간명,,GGD-PS2QYYTHTRYZMUPP2FJLUSE7IA,고읍남로191번길,137,37.7914929,127.0799464
EXCLUDE,도로·길 원본 구간명,,GGD-U5N6TULJ6AR3SDPWDQTEMIQIBZ,매화로,137,37.4114410,127.1344227
EXCLUDE,도로·길 원본 구간명,,GGD-IPPF4CFOLQG4CBDZQN7LJHTMWZ,성복2로,137,37.3133596,127.0787732
EXCLUDE,도로·길 원본 구간명,,GGD-YSMJDFRY7BSMCIDQPLHIVKCKBD,승두길,137,36.9984665,127.1691077
EXCLUDE,도로·길 원본 구간명,,GGD-ZRM23WKBLRXP7HMLLCJKXIVYIS,장곡로,136,37.7498056,127.0718541
EXCLUDE,도로·길 원본 구간명,,GGD-FNU4XW2KOW4JYYY34ZUQKTASHX,정자일로_2,136,37.3624729,127.1065478
EXCLUDE,도로·길 원본 구간명,,GGD-FD62AKY5D437DU6FTLH6UCIXUP,경춘로_1,135,37.6051182,127.1569608
EXCLUDE,도로·길 원본 구간명,,GGD-5XYI7BYYM7WJ2G77VUDXILTC2A,호국로,134,37.8120104,127.1350063
EXCLUDE,도로·길 원본 구간명,,GGD-XKUDP7JGXZEBOSCMZE7GNKG4JD,동탄공원로3길,133,37.2080576,127.0618700
EXCLUDE,도로·길 원본 구간명,,GGD-GPL6LWQOIH2C2GKHO7B7YV36UF,동두천로,132,37.8833432,127.0508010
EXCLUDE,도로·길 원본 구간명,,GGD-ZAY7MQFBXRQ6OEMEK3R7UTOCFN,안재로14번길,132,37.4603880,126.8740138
EXCLUDE,기준점 성격의 공공·의료·행정 시설명,,GGD-C3QSISOVV4CRT2BA3K4H4JTQBE,태장파출소,131,37.2401973,127.0552991
EXCLUDE,기준점 성격의 공공·의료·행정 시설명,,GGD-V6U57KDG5MQTF55M3K2DQQTTW6,퇴촌파출소,130,37.4701948,127.3101740
EXCLUDE,도로·길 원본 구간명,,GGD-J3IHGHLJG32SCWCOZ6TDUHRUMA,도농로,129,37.6080677,127.1567606
EXCLUDE,도로·길 원본 구간명,,GGD-XAQ5V3L7CBHIEEH2R2GCPB2ZRM,이문안로_2,129,37.5902237,127.1465944
EXCLUDE,도로·길 원본 구간명,,GGD-2VUFRYY7FTC4VWLMODX2HDHQM3,팔달문로130번길,129,37.2796893,127.0314460
EXCLUDE,기준점 성격의 공공·의료·행정 시설명,,GGD-Z25A2HASH7LJ7O4IHKSRIRGTVI,평택이충동우편취급국,129,37.0641747,127.0658603
EXCLUDE,도로·길 원본 구간명,,GGD-CFSEN47IZZOXWFXKSQ4L4HANDN,고암길,128,37.8311225,127.0696056
EXCLUDE,도로·길 원본 구간명,,GGD-AOUTAV5BB4CPPXWNWCVNYWC23I,포곡로118번길,128,37.2693144,127.2188802
EXCLUDE,도로·길 원본 구간명,,GGD-K2W34MCMEEKYN2NZFZK5ZVRDSJ,고양시청로,126,37.6568676,126.8316889
EXCLUDE,도로·길 원본 구간명,,GGD-EFM72EVHUKR52KZMERUHGVHMJN,고산로_3,125,37.3721543,126.9351396
EXCLUDE,기준점 성격의 공공·의료·행정 시설명,,GGD-RRQCYCKDVHAJQ5GUC4MIYWKTD4,구리인창동우체국,125,37.6016282,127.1399737
EXCLUDE,도로·길 원본 구간명,,GGD-US2VVYBQIFDK7OOROLXBGJVCAO,중동로_3,122,37.5163994,126.7712992
EXCLUDE,기준점 성격의 공공·의료·행정 시설명,,GGD-YOOWA7KKRC6THNXBHQJ2CKYXYC,신산우체국,121,37.8960856,126.9742395
EXCLUDE,도로·길 원본 구간명,,GGD-HTBHIKIL66OGTEQT5GTBKVM3IQ,공단1대로_1,120,37.3351554,126.7273273
EXCLUDE,도로·길 원본 구간명,,GGD-XRAO2FHRGVMRV4VEAX4CKLEFUC,원일로,120,37.6851102,126.7765801
EXCLUDE,도로·길 원본 구간명,,GGD-J7RSMYIJEUGUTRR6FKJKO2G234,은행로167번길,120,37.4453108,126.7977350
EXCLUDE,도로·길 원본 구간명,,GGD-YV2YV5UIJUH3NTXGDCBDRKH6QX,성남대로,117,37.3717792,127.1070116
EXCLUDE,도로·길 원본 구간명,,GGD-RIXL62RBLUPLK3JZKZWZY5Z2ZU,삼성로168번길,116,37.2608423,127.0599499
EXCLUDE,기준점 성격의 공공·의료·행정 시설명,,GGD-YRVPUFN4KKZWAWQUXQOXQWG2W4,동부파출소,115,37.2343442,127.2121593
EXCLUDE,도로·길 원본 구간명,,GGD-ONKN6BNN67COGTWMNQNMN73RMB,경수대로_1,114,37.2763294,127.0297658
EXCLUDE,도로·길 원본 구간명,,GGD-MSBOOSHMOO4UHWUMYPT5CNQNGE,병점2로,114,37.2057527,127.0395292
EXCLUDE,도로·길 원본 구간명,,GGD-SFGDB7G4C2TOADS6NYDHZ74O3K,원골로,114,37.3587059,126.9660836
EXCLUDE,도로·길 원본 구간명,,GGD-F2FGRZLF37QKUEGZFDCWP3KHAH,소사로_3,113,37.4746924,126.7958488
EXCLUDE,도로·길 원본 구간명,,GGD-IGJPO5WGGZQDZGKUTKR5PQUK3L,일현로_1,112,37.6908973,126.7619559
EXCLUDE,도로·길 원본 구간명,,GGD-S7BUBHEPTSEF5QJV4IBL5WG4SE,대은로,111,37.4444593,126.7984657
EXCLUDE,기준점 성격의 공공·의료·행정 시설명,,GGD-SUSPX2COHYDNPZBOX775S6EI36,광교동주민센터,110,37.2900360,127.0466294
EXCLUDE,도로·길 원본 구간명,,GGD-MPFI5LZWGD6QYD56DKJKZHKDTH,애련정로,110,37.2819740,127.4501818
EXCLUDE,기준점 성격의 공공·의료·행정 시설명,,GGD-BRWC5ND4J7I3C23AK6P4ZTPA55,양평경찰서,110,37.4887426,127.4903754
EXCLUDE,도로·길 원본 구간명,,GGD-GLHW5YVVSOJCGM2RLZPNMMFIAO,여울로4길,110,37.2163811,127.0566265
EXCLUDE,도로·길 원본 구간명,,GGD-TU2XPV6UWGY5ACRWIOKH72DOSL,큰시장로,109,37.9010459,127.0515873
EXCLUDE,도로·길 원본 구간명,,GGD-FH6DWW7Y2EOQPLZT3THEHSMRCA,부천로_2,108,37.4943150,126.7831607
EXCLUDE,도로·길 원본 구간명,,GGD-LOSFHFCLVRDEZDRHA2K6FY2NB3,오이도로_2,108,37.3430607,126.6879760
EXCLUDE,도로·길 원본 구간명,,GGD-JEGVKR7D6GA64MQ4ZZNVPT7JDJ,지도로35번길,108,37.6205321,126.8227315
EXCLUDE,도로·길 원본 구간명,,GGD-6FRHULCAMVJDU7YSNGE7CVJNZ7,삼리로,107,37.3058305,126.8439113
EXCLUDE,기준점 성격의 공공·의료·행정 시설명,,GGD-YLAUZOG42NNRZ5MDIJTNARH2UO,장항1동주민센터,107,37.6413635,126.7665370
EXCLUDE,도로·길 원본 구간명,,GGD-LNE6EYNQSGTKIO4IJZDB4MBNJ5,정자일로_1,107,37.3669966,127.1052589
EXCLUDE,도로·길 원본 구간명,,GGD-Z7N436ZEQ6G2AON2PRRBEFS6GW,덕송2로6번길,106,37.6663882,127.1160767
EXCLUDE,도로·길 원본 구간명,,GGD-P3JJIJAOV4MY6VFSZ6UOOAD6Z5,문인로54번길,106,37.3340253,127.0962614
EXCLUDE,도로·길 원본 구간명,,GGD-K55YJDMNXLGSSN22MOWPNOW6WX,문화촌로11번길,106,36.9973752,127.1128979
EXCLUDE,도로·길 원본 구간명,,GGD-E63WLEVTUDQ4GOSCH6GYFJPS2T,평남로_3,106,37.0083740,127.0937237
EXCLUDE,도로·길 원본 구간명,,GGD-GD7ITNHYBBSJTY3RH7Q7P452EG,고산로_2,105,37.3502024,126.9527929
EXCLUDE,도로·길 원본 구간명,,GGD-AK32XNSY5HSVE2PK5QI6EEQ5ZQ,월곶중앙로,105,37.3882830,126.7390920
EXCLUDE,도로·길 원본 구간명,,GGD-SIINYUQXMV57BYAQ2GCV76C2MD,황금로,105,37.6167921,126.6212392
EXCLUDE,도로·길 원본 구간명,,GGD-EVQGFX3YMU4ZAOEKIIXFLZQ2AR,부일로_4,104,37.4899617,126.7431336
EXCLUDE,기준점 성격의 공공·의료·행정 시설명,,GGD-AUKNO6L7ORJKQUNG5DTK2MDKTT,처인구청,104,37.2339901,127.2027281
EXCLUDE,기준점 성격의 공공·의료·행정 시설명,,GGD-D54M64AKPUAEV4IZASMHSM3DEA,호원1동주민센터,104,37.7116629,127.0481014
EXCLUDE,도로·길 원본 구간명,,GGD-V53GIQDDX34CEGVZ7WIQ7IHGBE,건원대로99번길,103,37.6080202,127.1381310
EXCLUDE,도로·길 원본 구간명,,GGD-KTCHCRH5CB4W2YWPUZIL4RPAGV,중앙로_2,103,36.9932279,127.0980823
EXCLUDE,도로·길 원본 구간명,,GGD-CEHQTWIVOI2ZHX4XMIJFELL3LA,한보라2로,103,37.2544341,127.1107494
EXCLUDE,기준점 성격의 공공·의료·행정 시설명,,GGD-I6LQWY62NINH7EE43JM7BZU3DB,광명6동우체국,102,37.4740446,126.8506168
EXCLUDE,도로·길 원본 구간명,,GGD-MP5XPILK5HW3SLTRWNCWHO4KOI,동패로63번길,102,37.7102666,126.7371755
EXCLUDE,도로·길 원본 구간명,,GGD-RGIW5WJ2KPLMULJHLQDMHUNEC3,중앙로_2,102,37.9014711,127.0539627
EXCLUDE,도로·길 원본 구간명,,GGD-K3FZLTQXVPMIWLX5EBFK2DLU44,서동대로,100,36.9945103,127.1377702
EXCLUDE,도로·길 원본 구간명,,GGD-EJO524F7KQLMY5ASRLJZ2ZLHK3,연무로,100,37.2952102,127.0265645
EXCLUDE,도로·길 원본 구간명,,GGD-SIHBUR6OBMRHIOK6LD4SZEULGN,늘을1로16번안길,99,37.6548374,127.2415709
EXCLUDE,도로·길 원본 구간명,,GGD-XXKT5GRWJYCEHMZL647BW3YZOB,장미로48번길,99,37.4130963,127.1249084
EXCLUDE,도로·길 원본 구간명,,GGD-REKK6COHVVWNV6BIGNQTIDZHNW,송호1길,98,37.3130440,126.8469488
EXCLUDE,도로·길 원본 구간명,,GGD-IYIGTLV6H7FFRCXZWPD7NB3XCG,쇠재안길,98,37.7513256,126.7799817
EXCLUDE,도로·길 원본 구간명,,GGD-TMEBDJZ57NVCEQZCY23L3BDNOP,부일로_3,97,37.4892311,126.7636303
EXCLUDE,기준점 성격의 공공·의료·행정 시설명,,GGD-JJ76Y7GOZMX77WJJ2ZQCQ7GBIA,부천성곡우편취급국,97,37.5182959,126.8042838
EXCLUDE,기준점 성격의 공공·의료·행정 시설명,,GGD-4VNZBBPPDYMO5F2WVASSQXZYAP,오정지구대,97,37.5275766,126.7846614
EXCLUDE,도로·길 원본 구간명,,GGD-TKE7OMYPDNE2Y5P3QXUBQDISIM,장자대로13번길,97,37.5900105,127.1318719
EXCLUDE,도로·길 원본 구간명,,GGD-HDQFCC2HSOGT2UPVFZKXQGL42Q,경수대로973번길,96,37.3030195,127.0054885
EXCLUDE,도로·길 원본 구간명,,GGD-VM5AR6MDMEWWJD3YNPW2NSBNAZ,일산로_3,96,37.6732067,126.7768355
EXCLUDE,도로·길 원본 구간명,,GGD-CGGEJN4Z6S2MQ5OJPIUBCWWGMQ,가람로,95,37.7358095,126.7564247
EXCLUDE,도로·길 원본 구간명,,GGD-27MFX7QA4QHWSIQHHPGG3GHVBS,동판교로52번길,95,37.3865410,127.1145939
EXCLUDE,도로·길 원본 구간명,,GGD-S6MZIRMWDLUM6VRFNEPB3NV5CD,대산로,94,37.2610630,127.4796911
EXCLUDE,도로·길 원본 구간명,,GGD-QLFKGU42DX7KS6ODLYOVBXU67E,부천로198번길,94,37.5005419,126.7870371
EXCLUDE,기준점 성격의 공공·의료·행정 시설명,,GGD-P5XJVUOGWQZQOREMQRMNDBUZKA,양곡우체국,94,37.6557580,126.6239794
EXCLUDE,도로·길 원본 구간명,,GGD-PVTDFPN4USFYDCV7ERPZYNAVQI,경기대로,93,37.1401854,127.0746554
EXCLUDE,도로·길 원본 구간명,,GGD-L4NJJ33ICZQCWK7ZWIF7JLER5J,중심상가로_2,93,37.3519324,126.7220722
EXCLUDE,도로·길 원본 구간명,,GGD-7F64FFBUHVQBY3UOW42P2FS6O4,금령로,92,37.2364044,127.2095253
EXCLUDE,도로·길 원본 구간명,,GGD-WQA2TFXG4D3OWNVKKYORN4OJ44,승지로60번길,92,37.3685783,126.8112745
EXCLUDE,도로·길 원본 구간명,,GGD-FZYU7W2VHIOE6K6H5ASA7VQ2VB,양근로147번길,92,37.4924486,127.4884633
EXCLUDE,도로·길 원본 구간명,,GGD-65AYZ2ND4E23JLRXNDHQVJXXT2,중앙로353번길,92,37.9150879,127.0561437
EXCLUDE,도로·길 원본 구간명,,GGD-ZTSGQZM76QXC3T436PKXEA7FTI,토당로,92,37.6222594,126.8189040
EXCLUDE,도로·길 원본 구간명,,GGD-HEKBVBZO4ZMBVNKPMGQA7GXHE2,사기막골로_1,91,37.4399853,127.1775943
EXCLUDE,기준점 성격의 공공·의료·행정 시설명,,GGD-R56I7SPXA3BCRKORK737FHMQKA,신갈동주민센터,91,37.2723596,127.1067364
EXCLUDE,도로·길 원본 구간명,,GGD-3RSXXU5SUFDE2RDKPZIHYPP23Z,현암로_3,91,37.3320084,127.1207704
EXCLUDE,도로·길 원본 구간명,,GGD-FESE76OCEZKI7RAIHXDIGVLJMP,고산로151번길,90,37.3473767,126.9549421
EXCLUDE,기준점 성격의 공공·의료·행정 시설명,,GGD-R3MNTUV4PPVNJ7M7ATR5RZTERM,구리교문동우체국,90,37.5965586,127.1346818
EXCLUDE,도로·길 원본 구간명,,GGD-LZ4S4AICYJ2TBTCIY73PZ2AON4,김포한강1로_1,90,37.6464155,126.6705151
EXCLUDE,도로·길 원본 구간명,,GGD-DYSLQHOXYEK2GR24KJDRGSCKVN,장다리로_2,90,37.2715914,127.0276275
EXCLUDE,도로·길 원본 구간명,,GGD-2LKDWKKT542FVB4QWA6E6E5NEV,세지로,89,37.2654564,127.0216586
EXCLUDE,도로·길 원본 구간명,,GGD-SCSUKE6DV3DZ5TZNJRJA6DXOIB,위시티로_1,89,37.6744060,126.8080732
EXCLUDE,도로·길 원본 구간명,,GGD-DWRKVZKNSTEP3LNOTLULGRS5I5,지봉로115번길,89,37.4890441,126.8118543
EXCLUDE,도로·길 원본 구간명,,GGD-P3WHEEDVMHBHJ3XOZJFM3EDKCP,평남로_1,88,36.9922306,127.1068726
EXCLUDE,기준점 성격의 공공·의료·행정 시설명,,GGD-FTN2R5IHKTAIT42ILAKDKCZJLQ,철산4동주민센터,87,37.4741859,126.8655491
EXCLUDE,도로·길 원본 구간명,,GGD-EPCBTZFZOWCT4ZDBF3IJKBHARX,동구릉로85번길,86,37.6090157,127.1330787
EXCLUDE,도로·길 원본 구간명,,GGD-OKKSZHKPCY3WDLXTHDOA44COZ7,봉천로,86,37.7429537,126.8091778
EXCLUDE,도로·길 원본 구간명,,GGD-UEMX4POBCEDY3RSGD24KS6GGDJ,와동공원로,86,37.3427447,126.8199137
EXCLUDE,도로·길 원본 구간명,,GGD-VONNZGQWKKR6WDYVMUWPQJGLJV,장말로,86,37.4921591,126.7644631
EXCLUDE,도로·길 원본 구간명,,GGD-BCIZOAHGOZC266WTTE57WD2CZJ,시민대로248번길,85,37.3927817,126.9592343
EXCLUDE,기준점 성격의 공공·의료·행정 시설명,,GGD-SWRBVC3WG76XJMF3E5XMJZKDTP,죽산우체국,85,37.0754689,127.4240933
EXCLUDE,도로·길 원본 구간명,,GGD-EOWSFB6LDDDZ7YYH2F2VPX54J5,중심상가로_1,85,37.3363167,126.7478521
EXCLUDE,도로·길 원본 구간명,,GGD-LFUGFGDBEWJQO6OS3LTJHLRPVV,평화로_3,85,37.7419604,127.0461345
EXCLUDE,도로·길 원본 구간명,,GGD-WPIQDI5RMSFCUOB6E7NFLFNFRZ,삼천병마로_1,84,37.2210182,126.9490988
EXCLUDE,도로·길 원본 구간명,,GGD-PXKS2LBOMYDFS77DCBFRN3JVMN,장다리로_1,84,37.2678343,127.0248581
EXCLUDE,도로·길 원본 구간명,,GGD-URXPJ6MSQU5YI2DV5K6TOGVIJ2,청명로_1,84,37.2532510,127.0780972
EXCLUDE,도로·길 원본 구간명,,GGD-SCEQJ4I3ZTY7S2QYWPJCBNJLA5,이문안로_1,83,37.5923764,127.1419135
EXCLUDE,기준점 성격의 공공·의료·행정 시설명,,GGD-5GBPBUEOCUUNVPYCO7HTDVKYYQ,비산1동주민센터,82,37.3996696,126.9328070
EXCLUDE,도로·길 원본 구간명,,GGD-7PLJ6ASQJQAR4SFRWSFCLFFRSL,인계로_1,82,37.2644045,127.0456710
EXCLUDE,기준점 성격의 공공·의료·행정 시설명,,GGD-FAKPHB7EJLN2H3C472F2KKBAYK,지산동주민센터,82,37.0778517,127.0577835
EXCLUDE,기준점 성격의 공공·의료·행정 시설명,,GGD-F76X6GUNBOTXK7U2RQPZEDTFVX,본오3동주민센터,81,37.3012606,126.8643629
EXCLUDE,도로·길 원본 구간명,,GGD-XOLP5UW2LYAO7CHOCUUFRGYCST,고양대로672번길,80,37.6835290,126.7709677
EXCLUDE,도로·길 원본 구간명,,GGD-JBHOMBCBZK3DFZU4KADWL7IEQK,발안남로55번길,80,37.1306507,126.9054767
EXCLUDE,도로·길 원본 구간명,,GGD-QR2PRALA4HTIUPUSVDA7CCYKKV,소사로_2,80,37.4766639,126.7946611
EXCLUDE,도로·길 원본 구간명,,GGD-QGEPW4EWSGIG3NPAHG4DDNH4AB,여술1길,80,36.9890520,126.8436850
EXCLUDE,도로·길 원본 구간명,,GGD-HPRW7A74TUBYPCSH7U46XQXUJ3,평남로_4,80,37.0078465,127.0974805
EXCLUDE,도로·길 원본 구간명,,GGD-W6PWIDMEKZGAOGIDYDEQ5WOOCL,평촌길,80,37.3566392,127.3251779
EXCLUDE,도로·길 원본 구간명,,GGD-XK2VC6ETRNOLDD2OKXLT64GOQK,마유로,79,37.3529091,126.7398277
EXCLUDE,도로·길 원본 구간명,,GGD-NQGP7NFPU7AJPF5ST35ERGUKB4,별내중앙로_1,79,37.6479667,127.1243917
EXCLUDE,기준점 성격의 공공·의료·행정 시설명,,GGD-OLGLKKA3IC45LKWNCOCV6WV7OQ,청계파출소,79,37.3898640,126.9955517
EXCLUDE,도로·길 원본 구간명,,GGD-5DOJAQF6CGB5NO57J6JFVVDNYK,경춘로_3,78,37.6513034,127.2366981
EXCLUDE,도로·길 원본 구간명,,GGD-XIK4V7DTL5E3DOXRCTRL6KZ5W7,구운로,78,37.2764788,126.9768260
EXCLUDE,도로·길 원본 구간명,,GGD-NCJWSKKQFTTVVMOH5TWEMQGEOF,소사로_4,78,37.5182073,126.8054026
EXCLUDE,도로·길 원본 구간명,,GGD-EJNOITZXMVNWIW7N3QMEWQOWVP,통일로,76,37.6862223,126.8648834
EXCLUDE,도로·길 원본 구간명,,GGD-LLHWJTHJRRTMCN3ZXFNIJK6FVB,중동로_2,75,37.5169077,126.7695827
EXCLUDE,도로·길 원본 구간명,,GGD-ODWTHHRC5MAGT5RGFW6KBKRNZV,풍덕천로_2,74,37.3229213,127.0940192
EXCLUDE,도로·길 원본 구간명,,GGD-AI6LSXHRCTQRQ4LZKJPQJUDJ7Z,봉영로,73,37.2531292,127.0736463
EXCLUDE,도로·길 원본 구간명,,GGD-N4VWE26SPIZPBHEYNJFWSOWBFI,신흥로_1,73,37.7480213,127.0421525
EXCLUDE,기준점 성격의 공공·의료·행정 시설명,,GGD-UV5PQTHB3TSAC3AJVRPQED3DWD,안산와동우편취급국,73,37.3406942,126.8252162
EXCLUDE,기준점 성격의 공공·의료·행정 시설명,,GGD-4IBP57C32K6J4SQARHRSSWZM6Y,안양박달동우체국,73,37.4020277,126.9136157
EXCLUDE,도로·길 원본 구간명,,GGD-I2MR4MMBUOUYM6KL3VQ2RALGV7,혜음로,73,37.7803656,126.8479598
EXCLUDE,도로·길 원본 구간명,,GGD-LHQIA2HOIRZSGQQFEN2RL4CJXF,호국로,73,37.7446522,127.0501798
EXCLUDE,도로·길 원본 구간명,,GGD-6MH7H2ZFDI35PXCO6XNXWDYZY4,박달로,72,37.4029195,126.9112305
EXCLUDE,도로·길 원본 구간명,,GGD-HEBCV64XUO7IASZCYL2MTPGRMG,중동로_1,72,37.4932056,126.7654255
EXCLUDE,도로·길 원본 구간명,,GGD-OALD766ISLFGSB2QEXAUSOU4RS,동서촌로,71,36.9640327,127.0639709
EXCLUDE,기준점 성격의 공공·의료·행정 시설명,,GGD-ZHUZS534EBNYFFPHR4PCUBMRO7,미사1동주민센터,71,37.5479522,127.1848420
EXCLUDE,도로·길 원본 구간명,,GGD-PMJKOQM36PLWYGIAYHDLX5P55P,중리천로,71,37.2795655,127.4409997
EXCLUDE,도로·길 원본 구간명,,GGD-HJ5HJWZ5Q6ESHGK5QRPQCJFDU2,진사길,71,36.9925776,127.1393517
EXCLUDE,도로·길 원본 구간명,,GGD-NOCFLUGZ6TOHIQ7EZ5IP54RFUV,평화로_1,71,37.7079015,127.0486589
EXCLUDE,도로·길 원본 구간명,,GGD-RLTMCW54QFFNTNVE6UWRUCZK7H,경수대로_2,70,37.2660893,127.0258965
EXCLUDE,도로·길 원본 구간명,,GGD-O4RWYUGJRXDYSUIFFWADBXE7Q3,부흥로_3,70,37.4952225,126.7645845
EXCLUDE,도로·길 원본 구간명,,GGD-RHEFDCZVRVT2YEWFRTWUPXEUVI,장안로7번길,70,37.2867483,127.0055238
EXCLUDE,도로·길 원본 구간명,,GGD-JLBOQJOYNAK4KQJ4JR45QMHY7B,공단1대로_2,69,37.3372351,126.7239095
EXCLUDE,도로·길 원본 구간명,,GGD-HNUZRSBBPL2YQTROXBXZY26LSP,도촌남로,69,37.4152547,127.1513215
EXCLUDE,도로·길 원본 구간명,,GGD-QJKSMMK2LPSZJMGM4ADCZ2XWHK,새꽃로,69,37.7555733,126.7698470
EXCLUDE,도로·길 원본 구간명,,GGD-JERJUN2CQ5E5FQFRMP7FFOOXYL,미금로,68,37.3373801,127.1170936
EXCLUDE,도로·길 원본 구간명,,GGD-KIPVFP7HW3NE4KQNKZ77B2YCI2,고리울로51번길,67,37.5295750,126.8220694
EXCLUDE,도로·길 원본 구간명,,GGD-O56MN4X452JMPK7SDGZ44NFQFY,옥산로,67,37.5081159,126.7797827
EXCLUDE,도로·길 원본 구간명,,GGD-EHSNH5YUZYSG65OSX4674TKP6V,정재로,67,37.3332786,126.8636082
EXCLUDE,도로·길 원본 구간명,,GGD-NRECVWLS3A2IWEAVLJP57SVHXY,도일로,66,37.3418090,126.7839163
EXCLUDE,도로·길 원본 구간명,,GGD-5TVGMOAR7KHL4YSCZ4U5JBPTIQ,부용로203번길,66,37.7507364,127.0803176
EXCLUDE,기준점 성격의 공공·의료·행정 시설명,,GGD-QB56PBYA5BJQ4J6HZZERDQ23NH,의정부녹양동우편취급국,66,37.7538250,127.0336094
EXCLUDE,기준점 성격의 공공·의료·행정 시설명,,GGD-UXF44D5ZND2HVQ6O36ECGLGLYP,경기안양6동우편취급국,65,37.3871199,126.9336838
EXCLUDE,도로·길 원본 구간명,,GGD-KVF3J2IXSE4X3O6LTEHUOWAGZS,수정로_2,65,37.4437442,127.1433098
EXCLUDE,도로·길 원본 구간명,,GGD-4GNIHDAWZGTMV272CVBM6D6RXK,건건로,64,37.3051314,126.9025660
EXCLUDE,기준점 성격의 공공·의료·행정 시설명,,GGD-LWZUTPMJW6BTIBEXSFLMEJGBPT,구리수택3동우편취급국,64,37.5927854,127.1515783
EXCLUDE,기준점 성격의 공공·의료·행정 시설명,,GGD-6LZL6BBFJKZENNVJCYT6DBEWTJ,안양관양동우체국,64,37.4055534,126.9696736
EXCLUDE,도로·길 원본 구간명,,GGD-MRI2AFURJ7MRJFEC46M6DKM6DV,경수대로,63,37.3818632,126.9523054
EXCLUDE,도로·길 원본 구간명,,GGD-JRIVQ7UWUC57B3FX7PHMU5OTXG,관악대로_2,63,37.4041733,126.9689906
EXCLUDE,기준점 성격의 공공·의료·행정 시설명,,GGD-EIOR6EDK5OL3TIP6K3JIOT6WLN,철산1지구대,63,37.4887589,126.8641187
EXCLUDE,도로·길 원본 구간명,,GGD-Q7RML5GHCK6CN7KX6OE2CDFQE6,어정로_1,62,37.2764818,127.1452961
EXCLUDE,도로·길 원본 구간명,,GGD-M7PJRSL5IQATQD5HRJ6MZLL6AR,내각1로,61,37.7041944,127.1658735
EXCLUDE,도로·길 원본 구간명,,GGD-MGLBLRYNBJHD266ZT4ZSKDY75W,도매시장로,61,37.3089794,126.8587639
EXCLUDE,도로·길 원본 구간명,,GGD-VP5AUEIAYFPW6HM3OTDYCZR5K7,연천로,61,38.1000553,127.0758888
EXCLUDE,도로·길 원본 구간명,,GGD-WZCWSST6SXBQBZPJR4QFR57HY2,백석로52번길,60,37.7284789,127.0448087
EXCLUDE,기준점 성격의 공공·의료·행정 시설명,,GGD-6OHHKX4S6YVBRVAK425XMENUUE,안성우체국,60,37.0098298,127.2625925
EXCLUDE,기준점 성격의 공공·의료·행정 시설명,,GGD-2TXLQ35T7HCWDEWLH6QZYYKQFI,진건우체국,60,37.6565712,127.1758239
EXCLUDE,기준점 성격의 공공·의료·행정 시설명,,GGD-MQDPP2YXEHTOFYHYH7HLQVRUKO,군포당동우체국,59,37.3506371,126.9438754
EXCLUDE,도로·길 원본 구간명,,GGD-RLFHTH3GPUSSGA7SELOZG7NML6,동부공원로14번길,59,36.9926732,127.1169600
EXCLUDE,도로·길 원본 구간명,,GGD-3SLEZVJ43RY3CWV6QLDV32ENMF,성복2로76번길,59,37.3148656,127.0796624
EXCLUDE,기준점 성격의 공공·의료·행정 시설명,,GGD-64PMSVD5RIYV5J6HH3SWYUF3Z2,양지동주민센터,59,37.4555830,127.1613230
EXCLUDE,도로·길 원본 구간명,,GGD-6R62FE73WSBOUW7IRKX5NGHE3N,이섭대천로_1,59,37.2873142,127.4524520
EXCLUDE,도로·길 원본 구간명,,GGD-6CS2X6X5VAUVM43RW3XMKWMBGO,대평로90번길,58,37.2971619,126.9933622
EXCLUDE,도로·길 원본 구간명,,GGD-MT427S7K7SR4WUSXN3U662Q5JA,사우중로73번길,58,37.6223241,126.7206217
EXCLUDE,도로·길 원본 구간명,,GGD-CWYHNK6KG5GBSILPNC5MHMQQN4,오산로132번길,58,37.1384839,127.0725965
EXCLUDE,도로·길 원본 구간명,,GGD-LQOTX7UCZX6OYZYZNZV4PIT3R5,정조로715번길,58,37.2707381,127.0159314
EXCLUDE,기준점 성격의 공공·의료·행정 시설명,,GGD-KNOUE3FZNJ7MGH25HUX7FGFUQZ,과천동주민센터,57,37.4498091,126.9965000
EXCLUDE,도로·길 원본 구간명,,GGD-JRYXFYCEGXBVJCDYH7YKXRY2UF,금상로_1,57,37.4402417,127.1617670
EXCLUDE,도로·길 원본 구간명,,GGD-775A33IT2YOAUDLMGL5CP6CIIL,덕풍동로,57,37.5517086,127.2084314
EXCLUDE,도로·길 원본 구간명,,GGD-AKBEBOBDDBP2SMK4KDJVAI2GWW,둔야로33번길,57,37.7394099,127.0366290
EXCLUDE,기준점 성격의 공공·의료·행정 시설명,,GGD-ZAQJRWURS745FN765YMYELQIKS,양주덕계우편취급국,57,37.8197485,127.0454273
EXCLUDE,도로·길 원본 구간명,,GGD-BDY73ZE5YYPVYBOF7HQ54PLNHN,역말로,57,37.5353230,127.2013330
EXCLUDE,도로·길 원본 구간명,,GGD-5FCNSD3CSCURDEDRDGAQAXWE5Q,중부대로,57,37.2741696,127.0499924
EXCLUDE,기준점 성격의 공공·의료·행정 시설명,,GGD-X3LXHB5HX7FTQVCX45LGE5D3NM,하성우체국,57,37.7191287,126.6323340
EXCLUDE,기준점 성격의 공공·의료·행정 시설명,,GGD-NE2YX5HZENGN3MFZLECEB6VIYS,금곡우체국,56,37.6344086,127.2067228
EXCLUDE,도로·길 원본 구간명,,GGD-VTHX5YMHVKPH2TZYVVLWAIIOGE,숲속마을1로48번길,56,37.6656580,126.8003956
EXCLUDE,기준점 성격의 공공·의료·행정 시설명,,GGD-WHZNQKIBIK7DCCQ4G2HVYPYMAW,신곡1동주민센터,56,37.7321770,127.0565192
EXCLUDE,도로·길 원본 구간명,,GGD-QALIC4MGDRI32XRZW7XK3EVVTU,엘에스로_1,56,37.3766666,126.9442175
EXCLUDE,도로·길 원본 구간명,,GGD-W3BFMPTB552JRUAQE5AML2KIQW,왕곡로,56,37.3460376,126.9765453
EXCLUDE,도로·길 원본 구간명,,GGD-TZH7F4DFOX6WCFY65VZEOUTRNR,행신로,56,37.6193638,126.8320918
EXCLUDE,기준점 성격의 공공·의료·행정 시설명,,GGD-SX267LAWOFOLDR77Q4ZWC2KRNK,화산동주민센터,56,37.2059221,127.0137939
EXCLUDE,도로·길 원본 구간명,,GGD-OSRAVBZ5RFLTQJ7JJPQLMETBX2,기아로,55,37.4372135,126.8805850
EXCLUDE,도로·길 원본 구간명,,GGD-QOA6XAY27N7MJ7V4JQDCP2HIYM,세종로,55,37.2913617,127.6347242
EXCLUDE,도로·길 원본 구간명,,GGD-QRHELQVA2EVZA5OHTNEXLQENSA,일산로_2,55,37.6741102,126.7773533
EXCLUDE,도로·길 원본 구간명,,GGD-3VA3TVUS24W5LHNPGN3RMPECTC,평화로_2,55,37.7485085,127.0456713
EXCLUDE,도로·길 원본 구간명,,GGD-UL5KFT7FGRWUQSWWIOBHAUFV3N,송원로86번길,54,37.3017898,127.0112319
EXCLUDE,도로·길 원본 구간명,,GGD-A4CEFOL2Z4FTXLTJA4JWXK4WFJ,영통로26번길,54,37.2343631,127.0657897
EXCLUDE,기준점 성격의 공공·의료·행정 시설명,,GGD-5QMXHFGTZF3UAKPPCHL7PKLJXY,장기동주민센터,54,37.6394992,126.6726983
EXCLUDE,도로·길 원본 구간명,,GGD-UI574LLEV7U5LLZ7KQ5BFZ4422,중앙2로_2,54,36.9886523,127.1022141
EXCLUDE,도로·길 원본 구간명,,GGD-Z45VWEB4MB3NEIK6VZ53GLXLOD,개내교1길,53,37.0139694,127.2533579
EXCLUDE,도로·길 원본 구간명,,GGD-MRAWXANNQUUQOWN4MRVXLNQOKZ,부흥로_1,53,37.4969260,126.7633604
EXCLUDE,도로·길 원본 구간명,,GGD-74S65GFMQJSLKFW6NTTTDI6BGX,양문로,53,38.0006461,127.2404416
EXCLUDE,도로·길 원본 구간명,,GGD-TMZRMN3RIEOX7HUJHCPR24EDJD,가구단지중앙길,52,37.6532016,127.2810116
EXCLUDE,도로·길 원본 구간명,,GGD-JJI7ZJHVG5O2FB5IUSWYHUT6FG,대산로,52,37.6699661,126.7751586
EXCLUDE,도로·길 원본 구간명,,GGD-ZUGCCNLN6CXRDC5SQL4KABJRZC,둔촌대로,52,37.4319579,127.1764756
EXCLUDE,도로·길 원본 구간명,,GGD-UB54OYDOZSDUQNU4G6WODJF2PH,비둘기공원7길,52,37.4451609,126.7923216
EXCLUDE,도로·길 원본 구간명,,GGD-S55XUOCBEXHJ4VDIWHABAV7MMW,삼작로_1,52,37.5190698,126.7872914
EXCLUDE,도로·길 원본 구간명,,GGD-B7QTWCUWJ3BBD6R3TC7ABRPTBR,서재로,52,37.0102291,127.1000432
EXCLUDE,도로·길 원본 구간명,,GGD-BQCI7IUW554UV66IMFNTAHWXKX,어정로_2,52,37.2724513,127.1381528
EXCLUDE,도로·길 원본 구간명,,GGD-L7LRURI7TFLFLM5WMLF6K4WZY3,경수대로,51,37.3482198,126.9730158
EXCLUDE,도로·길 원본 구간명,,GGD-JAWVC5MUKOMRBE7WZ6LHIKBAAL,광명로,51,37.4460106,127.1659390
EXCLUDE,도로·길 원본 구간명,,GGD-F5IROGAGTUJWG4KWHOL4Z7LDAS,물사랑로,51,37.4564779,127.0276149
EXCLUDE,도로·길 원본 구간명,,GGD-PK6OIA7LXUYJLOFQ7X5OYBPIZZ,신갈로_1,51,37.2708238,127.1067502
EXCLUDE,기준점 성격의 공공·의료·행정 시설명,,GGD-SC5LW7A24ZBRNL7HWS4U3T2PWZ,의정부민락동우체국,51,37.7409603,127.0944783
EXCLUDE,도로·길 원본 구간명,,GGD-HQAJQO6SGG54AEEUSQR6JMZSEZ,흥덕2로75번길,51,37.2739566,127.0720594
EXCLUDE,도로·길 원본 구간명,,GGD-BXFOLNYGJAFDEIVWGDSBVZ62V2,덕소로,50,37.5851472,127.2114685
EXCLUDE,도로·길 원본 구간명,,GGD-HSO2DE2JKBHZ5237VMY6BT3WQY,애니골길,50,37.6709231,126.7908204
EXCLUDE,도로·길 원본 구간명,,GGD-H2MTTYUQTRTAIZB4MUO3ZO5EEJ,장다리로,50,37.2549034,127.0198938
EXCLUDE,도로·길 원본 구간명,,GGD-ZM77LJYCW26DA4UNGTBX4N7UXA,호수로856번길,50,37.6705781,126.7489881
EXCLUDE,도로·길 원본 구간명,,GGD-MOFPFDXT73IXUQQZWH6Y2SHAGY,거북마루로_1,49,37.8949948,127.0474675
EXCLUDE,도로·길 원본 구간명,,GGD-KXLJBVWJPQZXGWD6ZLLC3JECX3,경춘로1256번길,49,37.6452585,127.2342933
EXCLUDE,기준점 성격의 공공·의료·행정 시설명,,GGD-NF6TG2RN2QBERNQ7YOJA4YWIE4,고천동주민센터,49,37.3481399,126.9757557
EXCLUDE,도로·길 원본 구간명,,GGD-6JWSMIPVPAQVV4WVABDBCCNRC6,부천로_1,49,37.5006276,126.7859660
EXCLUDE,도로·길 원본 구간명,,GGD-6C4UX2I26PB7SHNY7NBTJ3DNAX,효행로_1,49,37.2208351,126.9758076
EXCLUDE,도로·길 원본 구간명,,GGD-56EL2ZNQN7FZBAM5TYXIWQZ6XZ,각골로,48,37.2946067,126.8735314
EXCLUDE,도로·길 원본 구간명,,GGD-2BJPJ7F7EDHIUOEPQJETEFL3G4,금상로_2,48,37.4363190,127.1586670
EXCLUDE,도로·길 원본 구간명,,GGD-V572TP57YZPKSZWZYHWJDOS6KA,반달로,48,37.2504015,127.0749308
EXCLUDE,도로·길 원본 구간명,,GGD-RSPX7YR272HRNECMR4DE23IL4S,범골로,48,37.7340054,127.0389695
EXCLUDE,도로·길 원본 구간명,,GGD-4JHFVF7NUQ5HR3TTHHDFTCTVFB,삼육사로,48,37.8996917,127.0617062
EXCLUDE,도로·길 원본 구간명,,GGD-V32Y6DJ5T3FX37VERO7IE7332W,동편로,47,37.4053685,126.9721012
EXCLUDE,도로·길 원본 구간명,,GGD-JJXV3NRJYJOOFGDW3HWM5H5FBH,부흥로_2,47,37.4955598,126.7428862
EXCLUDE,도로·길 원본 구간명,,GGD-BJRZHIZ2X6QI3L3X36K45KYC57,산내로104번길,47,37.7277960,126.7373266
EXCLUDE,기준점 성격의 공공·의료·행정 시설명,,GGD-R4IJLTEAELRF7QGTXTU2U42NVC,상대원119안전센터,47,37.4328419,127.1719329
EXCLUDE,기준점 성격의 공공·의료·행정 시설명,,GGD-46UJ4ADHCPRHNILASAWOJEAE5Y,심곡3동주민센터,47,37.4875307,126.7748450
EXCLUDE,도로·길 원본 구간명,,GGD-HVBMYNC4SN7ASCYQLB2JZ5GZ72,중앙대학로,47,37.0006023,127.2243797
EXCLUDE,도로·길 원본 구간명,,GGD-KYYYQEWLXH5F3IYFNDDMU5JUEC,청명로21번길,47,37.2493998,127.0781611
EXCLUDE,도로·길 원본 구간명,,GGD-3LDSTR4X7MGQNWWKGQNRFISYI6,김포한강2로24번길,46,37.6469769,126.6763590
EXCLUDE,기준점 성격의 공공·의료·행정 시설명,,GGD-B6Y55HQ55BQWRM7GAYC34QZYAV,신둔우체국,46,37.3101112,127.4022435
EXCLUDE,도로·길 원본 구간명,,GGD-LFM6M4SV75XOYRT22TYJLTHEPW,안산천동로4길,46,37.3339255,126.8523181
EXCLUDE,도로·길 원본 구간명,,GGD-VHKQZ2QVCEIYRC7HXYSDFRPQN3,오전공업길,46,37.3559021,126.9657460
EXCLUDE,도로·길 원본 구간명,,GGD-OZONMSH76SO4Q75OZRNPX3KG3A,충장로,46,37.3094748,126.8568454
EXCLUDE,도로·길 원본 구간명,,GGD-3XUUMLG2CBIORJKIBPMONNBE5E,안중로18번길,45,36.9834628,126.9272852
EXCLUDE,도로·길 원본 구간명,,GGD-Q7TTVWAAVCSC4WGZCWBC4JUJUR,일산로_1,45,37.6446447,126.7912790
EXCLUDE,도로·길 원본 구간명,,GGD-QBW2QO7D6ON5RJMHOKURBGBOME,장안로,45,37.2865050,127.0070884
EXCLUDE,도로·길 원본 구간명,,GGD-2A7SACW3ZJ7FLUZNWU72IREBE6,경춘로_1,44,37.6011862,127.1322426
EXCLUDE,도로·길 원본 구간명,,GGD-CHYL4O6Z5SOKVKAKJO245HPWJ4,진건오남로,44,37.6786874,127.2114758
EXCLUDE,도로·길 원본 구간명,,GGD-POXSQQ5343BBOV7YEHUA4QAT2Q,경의로,43,37.6909637,126.7602917
EXCLUDE,도로·길 원본 구간명,,GGD-WVCLR7EDWMTFM72FJ72OB35HIO,계원대학로,43,37.3800798,126.9751999
EXCLUDE,도로·길 원본 구간명,,GGD-UMHWB52T4R6H7GLRPJFNPWFTPP,군서마을로,43,37.3477478,126.7453226
EXCLUDE,도로·길 원본 구간명,,GGD-FXJRDFBRXNBGDU4TWSASDELA4R,사은로,43,37.2554584,127.1171313
EXCLUDE,도로·길 원본 구간명,,GGD-4ZPTFJLGDPDWQPJSNFAG7DQ7OT,건원대로,42,37.6047174,127.1392924
EXCLUDE,도로·길 원본 구간명,,GGD-AHNMPLKUOL4O7KPQ74OMCJFQLF,관악대로_1,42,37.4030685,126.9598610
EXCLUDE,도로·길 원본 구간명,,GGD-BNN37U5UDRJ4OKCDCQCSJGGINO,장기로,42,37.0061574,127.2666064
EXCLUDE,도로·길 원본 구간명,,GGD-RABUJPCC5ZQGUNCF2LGJ676HO7,둔촌대로457번길,40,37.4339196,127.1698066
EXCLUDE,도로·길 원본 구간명,,GGD-NNIRHOBBQBT472SO4NZN57QR6O,마석로,40,37.6586739,127.3045794
EXCLUDE,도로·길 원본 구간명,,GGD-OLPYL6U36XQWZ5OGVFSMUKB45G,상이로39번길,40,37.4927559,126.7428100
EXCLUDE,도로·길 원본 구간명,,GGD-MOHJYSLQGIY6PLSDAZA3YT4LC7,신구로12번길,40,37.2739583,127.1106261
EXCLUDE,도로·길 원본 구간명,,GGD-TLD35BWSVC6IA6D3FBLTJPLROF,연성로,40,37.3915866,126.8144987
EXCLUDE,기준점 성격의 공공·의료·행정 시설명,,GGD-G2TFXWKLQYVSJBGLRKWAAZ4SBP,연천경찰서,40,38.1013127,127.0742587
EXCLUDE,도로·길 원본 구간명,,GGD-URTN42NKR57ZVTVHGGDNEPXYW4,영통로323번길,39,37.2553070,127.0618395
EXCLUDE,도로·길 원본 구간명,,GGD-BDF2RIWAJIBJF5OHX6IJKBJKVS,장다리로_3,39,37.2765731,127.0309517
EXCLUDE,도로·길 원본 구간명,,GGD-ZQORYDTPKS7BZPQ4RCT2KHWBZT,화정천서로3길,39,37.3428557,126.8173542
EXCLUDE,도로·길 원본 구간명,,GGD-FJUEHMSZQ64DQFL5ESHUCFZGCQ,비룡로55번길,38,37.6562052,127.3008472
EXCLUDE,기준점 성격의 공공·의료·행정 시설명,,GGD-CHYXXXD6JFJDIHN54ZDGXZOX27,안양호계3동우편취급국,38,37.3623111,126.9634682
EXCLUDE,도로·길 원본 구간명,,GGD-OJWQ7EN2MSTRQRKEIR44RMZXR2,지산로,38,37.0793171,127.0619300
EXCLUDE,도로·길 원본 구간명,,GGD-46WEE7R2HJ6AS7BE55O67UBRTJ,경춘로_2,37,37.6338317,127.2116684
EXCLUDE,도로·길 원본 구간명,,GGD-W5BLGRRJ33E34VD6NY6CEVOFO4,산단로,37,37.3183442,126.7896868
EXCLUDE,도로·길 원본 구간명,,GGD-WCE3JXL3VLZT7FMGK7ZO2LEVCF,시민대로_1,37,37.3879665,126.9487170
EXCLUDE,도로·길 원본 구간명,,GGD-6CGPDKYFN6SR4AQFSG6FQ2YPJ7,신갈로_3,37,37.2727334,127.1049907
EXCLUDE,도로·길 원본 구간명,,GGD-YRHXBVZOODBWOKETIMKJL5IQ6I,신현로_2,37,37.3603282,127.1489484
EXCLUDE,도로·길 원본 구간명,,GGD-7TEGFP5IIK7QOQVEHPVDY4N3VN,영창로_2,37,37.2813173,127.4374115
EXCLUDE,도로·길 원본 구간명,,GGD-TA4NJOTMMWJUCVNARAAVV32TA2,오이도중앙로_1,37,37.3462229,126.6915716
EXCLUDE,도로·길 원본 구간명,,GGD-RW5NNRG4CTFHD5YTFUHYHJHYAB,장백로,37,37.6397195,126.7893983
EXCLUDE,도로·길 원본 구간명,,GGD-4RZBK67JZWBS535UURMPU7TBFJ,주화로,37,37.6743877,126.7502803
EXCLUDE,도로·길 원본 구간명,,GGD-5EAPEJ734N4IK2F3X4LLBX6EFL,대왕판교로645번길,36,37.4011565,127.1042063
EXCLUDE,도로·길 원본 구간명,,GGD-VWI76EP7SUPXMKCSCVO3XBRSCC,인계로_2,36,37.2633462,127.0460177
EXCLUDE,도로·길 원본 구간명,,GGD-PRRMX7V4G3SFHPYRVYO72Z2ZLI,매산로,35,37.2681348,127.0063220
EXCLUDE,도로·길 원본 구간명,,GGD-B7YISWS6ATZJEEHMD3DHZWWKDM,삼태기1길,35,37.3080639,126.8457360
EXCLUDE,도로·길 원본 구간명,,GGD-XFWYIATLM3QCUC2MJP4WIAOBSV,강남동로114번길,34,37.2732061,127.1373382
EXCLUDE,기준점 성격의 공공·의료·행정 시설명,,GGD-FUVWMNLTJNCGL6KW3EU2NX4G7H,부천춘의동우편취급국,34,37.5052071,126.7856546
EXCLUDE,도로·길 원본 구간명,,GGD-KQ2V5YXASD3KGJVDKUUSDR4F2C,장감로,34,37.1153554,127.6244595
EXCLUDE,도로·길 원본 구간명,,GGD-ZZURH2VJFFWWRVARIKLYKJ3ZYQ,태봉로166번길,34,37.8310638,127.1411869
EXCLUDE,도로·길 원본 구간명,,GGD-DAYKDCBGU7NSHK7FW5ZIGU2PGS,동수원로,33,37.2489078,127.0351095
EXCLUDE,기준점 성격의 공공·의료·행정 시설명,,GGD-7GWXMOY6D5GACWDEM234YVJMG3,일산서구청,33,37.6748960,126.7516392
EXCLUDE,기준점 성격의 공공·의료·행정 시설명,,GGD-MYI72MO62PH7P5GHGQKPASNOAS,파주연풍우체국,33,37.8293528,126.8367042
EXCLUDE,도로·길 원본 구간명,,GGD-TQQR662H2PBTDFYYMOKBS57M4Y,강남동로_2,32,37.2718009,127.1291593
EXCLUDE,도로·길 원본 구간명,,GGD-KOTDQB7F7ELDQLVNNK6KFCZ7FW,관곡로77번길,32,37.2819652,127.1147507
EXCLUDE,도로·길 원본 구간명,,GGD-VJTE5AWAPYPPP6IXWTWNNRFTI4,안양판교로,32,37.3956555,126.9856553
EXCLUDE,도로·길 원본 구간명,,GGD-HV55AT4BVYYA6DHQTHCGKWRTSC,이섭대천로_2,32,37.2900854,127.4552246
EXCLUDE,도로·길 원본 구간명,,GGD-6JBKNYDKTBSMX4LONCUWFELWFW,용구대로2790번길,31,37.3343089,127.1098668
EXCLUDE,기준점 성격의 공공·의료·행정 시설명,,GGD-X6QPJKTYAFNPD4XV5NQE3DHO3T,포천동주민센터,31,37.8990286,127.2011252
EXCLUDE,도로·길 원본 구간명,,GGD-XIR2373FNU75Z4B5M7ZQ2HNPD2,거북마루로_2,30,37.8965946,127.0471923
EXCLUDE,도로·길 원본 구간명,,GGD-BSLZF5SVLNLR7EWUNZWXLZIFSQ,심곡로,30,37.4788374,126.7754289
EXCLUDE,도로·길 원본 구간명,,GGD-MUPHQFQW5FXW2VPJF3LDSN2AER,양지편2길,30,37.3104069,126.8494625
EXCLUDE,도로·길 원본 구간명,,GGD-MAZ6AFST57XGHNZQHNBUFLBX22,엘에스로_2,30,37.3688141,126.9559021
EXCLUDE,도로·길 원본 구간명,,GGD-HEDB5NDGGJM4TV33MUTQ4UK6W2,오이도중앙로_2,30,37.3425502,126.6900114
EXCLUDE,도로·길 원본 구간명,,GGD-JRYEC2BM5HOQZW7HFVSGQEMFCI,내손순환로_1,29,37.3844526,126.9801628
EXCLUDE,도로·길 원본 구간명,,GGD-OGHXTOPUSMCN65WVX2XELOR5OS,부일로_2,29,37.4879974,126.7551051
EXCLUDE,도로·길 원본 구간명,,GGD-TQBLXHH3R6ADW2GZ5VRPCRNLTP,제일로,29,37.4414470,127.1309839
EXCLUDE,도로·길 원본 구간명,,GGD-KO6RWFWIEMQHOWPO4JFXJ3KRAF,금오로,28,37.7537129,127.0686257
EXCLUDE,도로·길 원본 구간명,,GGD-42PT7RM4Q3PHUJWO3PLEWFVX3N,숙성시장길,28,37.0083154,126.9833359
EXCLUDE,도로·길 원본 구간명,,GGD-3NDKE4T5HU65ZKMSFTAQRH7ZDD,원평로39번길,28,36.9891477,127.0840178
EXCLUDE,도로·길 원본 구간명,,GGD-LGP6QDRNQ46SSKU6BL6YP43AIR,현암로_2,28,37.3321759,127.1237842
EXCLUDE,도로·길 원본 구간명,,GGD-TSAKK4GHDG36HCOCW2QOHQL33L,정조로,27,37.2552485,127.0106341
EXCLUDE,도로·길 원본 구간명,,GGD-CSXYVIM2YDJ52AUZYG5Q2U5HKM,경기대로1376번길,26,37.0696977,127.0647471
EXCLUDE,도로·길 원본 구간명,,GGD-6RUPC5ZFIEN5HXIEIRF4WJZK2F,독바위로,26,37.8388325,127.0622333
EXCLUDE,도로·길 원본 구간명,,GGD-Z6TGW2BPX7JXX6KZTPCEPBQJY6,수성로,26,37.2930397,127.0085795
EXCLUDE,도로·길 원본 구간명,,GGD-YTGEPBDUDFTSKACKFWR7O4ORBB,용구대로_2,26,37.2991148,127.1070263
EXCLUDE,도로·길 원본 구간명,,GGD-KYNCI2Z2UPMSNE3RBD7OQZIQCL,원곡성당길,26,37.3260701,126.8004546
EXCLUDE,기준점 성격의 공공·의료·행정 시설명,,GGD-GT7C5MHSUWEQ2PJ4OWLDZSI6BK,의왕신안우편취급국,26,37.3596610,126.9628164
EXCLUDE,도로·길 원본 구간명,,GGD-YOQOWKAMAV2L7HJJHV2M5MWAY3,청명로_2,26,37.2512468,127.0815777
EXCLUDE,도로·길 원본 구간명,,GGD-BGARH5J2LXWFREFA2ONNFCN2RV,경충대로,25,37.3071838,127.4021414
EXCLUDE,도로·길 원본 구간명,,GGD-NACYET4BKWH25W7LRFWOUIYI7W,매영로,25,37.2484505,127.0748661
EXCLUDE,도로·길 원본 구간명,,GGD-UJJLALKVRABP2HVRPBPCIRUVUK,서하남로23번길,25,37.5185508,127.1487598
EXCLUDE,도로·길 원본 구간명,,GGD-NMVKXQ2DS6FMAHXBHRL6F2VMZI,내손순환로_2,24,37.3904018,126.9817688
EXCLUDE,도로·길 원본 구간명,,GGD-E4JBUKPKL7SG3TLM7FKFWHWSHI,마지로,24,37.4277576,127.1435224
EXCLUDE,도로·길 원본 구간명,,GGD-N7E5CJLT4ATHPJ6G6LPDTWWX35,삼작로_2,24,37.5194552,126.7959691
EXCLUDE,도로·길 원본 구간명,,GGD-A6OOAU6PULVDP5V2FMI2FAO7RY,순암로492번길,24,37.4134106,127.1977823
EXCLUDE,도로·길 원본 구간명,,GGD-Q74OH35PKB43JRLVS5QSWUZQ3X,동거리길,23,37.7806799,126.8506687
EXCLUDE,기준점 성격의 공공·의료·행정 시설명,,GGD-NT6FE33JCBPTDYJ46CFFI2MBZI,수지119안전센터,23,37.3262142,127.1003322
EXCLUDE,도로·길 원본 구간명,,GGD-I2V5R2URIJISUQYVNTVKO5MWII,초당로,23,37.2846820,126.8496895
EXCLUDE,도로·길 원본 구간명,,GGD-DRLQZ64CBRNNKBZFP42ZW5H7FF,헌릉로890번길,23,37.4675990,127.1289307
EXCLUDE,도로·길 원본 구간명,,GGD-DR477YT63FGHKQRBREO7WEFBKW,중앙로_1,22,37.0051891,127.2779900
EXCLUDE,도로·길 원본 구간명,,GGD-CGYM42QGGB4AQ2JNH77QVJ7JYV,서하남로,21,37.5158994,127.1472906
EXCLUDE,도로·길 원본 구간명,,GGD-GHBXCDNMAR6XN3E5CLPGSVXM27,큰솔로7번안길,21,37.3413369,126.7504871
EXCLUDE,도로·길 원본 구간명,,GGD-ZW43OCXAUQTOKRZIUBMTFYH3IE,하남대로,21,37.5430942,127.2053787
EXCLUDE,도로·길 원본 구간명,,GGD-DR3ARGACRAPNKPWQGBGLUJ5A3B,금산1길,20,37.0118323,127.2705023
EXCLUDE,도로·길 원본 구간명,,GGD-2B36OENDX3DSQDZDD45EBO342F,성남대로925번길,20,37.4109696,127.1251647
EXCLUDE,도로·길 원본 구간명,,GGD-335R5GM5LA75HI4KYKFOOMXUKO,신흥로_2,20,37.7345359,127.0430981
EXCLUDE,기준점 성격의 공공·의료·행정 시설명,,GGD-4JGGQ2MNPD7NQF3HZGPAH7SKCF,안성2동주민센터,20,36.9986323,127.2696367
EXCLUDE,도로·길 원본 구간명,,GGD-BOLN5VO5DVV3R5B6VFFQJLNEFM,다솜마을2길,19,37.3496539,126.7435778
EXCLUDE,도로·길 원본 구간명,,GGD-G4ZHYE52NUHWRF7PLTDURYC5CU,덕풍북로259번길,19,37.5476346,127.2106995
EXCLUDE,도로·길 원본 구간명,,GGD-3NFVUHDQ4IVCGKNQBGXDR3USCI,벌말로,19,37.5922064,127.1495058
EXCLUDE,도로·길 원본 구간명,,GGD-MPZQMXZIJ7FC2QXIEESNIK6ABJ,사임당로,19,37.8653635,126.8055851
EXCLUDE,도로·길 원본 구간명,,GGD-ABGNQORHLW2NCFUA3DK2GLL6D3,추동로140번길,19,37.7474574,127.0693311
EXCLUDE,도로·길 원본 구간명,,GGD-CB52TPSSMEO3D77QSDCXHIA5N4,돌문로,18,37.6159022,126.7246225
EXCLUDE,도로·길 원본 구간명,,GGD-UHH3HUWDF2GLJ5CV5IEA4WW3WD,평화로,18,37.8910659,127.0572966
EXCLUDE,도로·길 원본 구간명,,GGD-6CSVOUEQ3QG7ENFJY636A7ZYIM,중앙로,17,37.9007637,127.2069628
EXCLUDE,도로·길 원본 구간명,,GGD-GUIXB6D73P7YEGACDLT4E2HQUJ,지도로,17,37.6213425,126.8250340
EXCLUDE,도로·길 원본 구간명,,GGD-WCQ52RUAAX3YDOF63SX7F2KYTM,평택5로,17,36.9934478,127.1127921
EXCLUDE,도로·길 원본 구간명,,GGD-NK5IPQYWMBILAMANKBFSRTJCVO,생골로,16,37.9000222,127.0594150
EXCLUDE,도로·길 원본 구간명,,GGD-THIANGKWNW56GLNVK6RU76YG26,송탄2로49번길,16,37.0729211,127.0562134
EXCLUDE,도로·길 원본 구간명,,GGD-YAHNZVXPH6EVU4DIOCZVPTLZG3,정왕천로,16,37.3414088,126.7482921
EXCLUDE,도로·길 원본 구간명,,GGD-LSX73475CIPWYFB5SDS57BH5P7,신갈로_2,15,37.2707676,127.1049891
EXCLUDE,도로·길 원본 구간명,,GGD-5CUYKURTGIQ3WCYUF2ESDHNCA3,풍덕천로96번길,15,37.3207361,127.0940929
EXCLUDE,도로·길 원본 구간명,,GGD-SHWG7S6E2YO447LXFZINYXAMJG,경기대로,13,37.2112935,127.0331270
EXCLUDE,도로·길 원본 구간명,,GGD-J5AYXCRKWD5T5ICAUWTWNORDQC,평동로,10,37.2606220,126.9960301
EXCLUDE,도로·길 원본 구간명,,GGD-2SLIIUHS5K24N2TUMMB4ZXKMIY,세화로,8,37.2627921,126.9943186
EXCLUDE,도로·길 원본 구간명,,GGD-5QHJLCXF6OFSH3DFCHQBSXZ4N2,사기막골로_2,7,37.4412181,127.1761553
EXCLUDE,도로·길 원본 구간명,,GGD-VBKIQWRGW4BXF43DGQMNWUOCBX,오리로_3,7,37.4756332,126.8638638
EXCLUDE,도로·길 원본 구간명,,GGD-HBDWXQI7T5G4T73V77BUBH4ZUY,정조로712번길,7,37.2723271,127.0173140
EXCLUDE,기준점 성격의 공공·의료·행정 시설명,,GGD-GDVAOBVKR5KDDGZ3EENV4JUTR3,안산시청,5,37.3223045,126.8318126
EXCLUDE,기준점 성격의 공공·의료·행정 시설명,,GGD-JUXE4EBXR5DHTJSG4XAEXXS3FQ,덕양구청,2,37.6371463,126.8322983
EXCLUDE,도로·길 원본 구간명,,GGD-K7V77MX4ARDAIZP6RIGPDKDHZI,모락로,1,37.3600408,126.9664726
KEEP,카카오 SW8 검증 역세권,,GGD-2S3HFLTGVKIZJBUMNH2QRCJNDA,산본역_3번출구,1578,37.3600409,126.9314254
KEEP,상업시설·시장 계열,,GGD-KQ5TVSTGMIMVWU26ATE3KVDYQJ,이마트동백점,1549,37.2765740,127.1513476
KEEP,카카오 SW8 검증 역세권,,GGD-TNYOLABZF4BVHSPEJRLLB4CZHE,수원시청역_7번출구,1404,37.2648464,127.0294507
KEEP,카카오 SW8 검증 역세권,,GGD-GEIHGMHNLBEFE3B7GCI4KFQP5U,신중동역_3번출구,1400,37.5021214,126.7726339
KEEP,카카오 SW8 검증 역세권,,GGD-EJMTOPMOTRZB574JIQ46L57N45,서현역,1275,37.3850794,127.1234387
KEEP,카카오 SW8 검증 역세권,,GGD-MP6JQQY2ZCRLGTP4TZKDF3VBDO,수내역,1208,37.3786252,127.1144517
KEEP,카카오 SW8 검증 역세권,,GGD-OQFUCLXGOX57ZDFZTWQAC7ZTIV,범계역_1번출구,992,37.3907451,126.9536420
KEEP,카카오 SW8 검증 역세권,,GGD-EGIQ3TO24HKE5W5HHKT3YQNEV5,모란역_12번출구,924,37.4316419,127.1318861
KEEP,상업시설·시장 계열,,GGD-2CI6XS3QRK3RGFTXUOT6FBSFA5,롯데시네마센트럴락,901,37.3177261,126.8397940
KEEP,상업시설·시장 계열,,GGD-M23GSOXCWQAYBCC5LQQ3UJNSLF,롯데애비뉴엘안산점,821,37.3180300,126.8351265
KEEP,상업시설·시장 계열,,GGD-UQAYZ6X3KY4ARCMF7WH4DFQA37,롯데시네마병점,787,37.2111794,127.0377053
KEEP,카카오 SW8 검증 역세권,,GGD-VG35LH34LY4XP56M2GHI5EH5SU,상동역_3번출구,732,37.5047420,126.7503863
KEEP,카카오 SW8 검증 역세권,,GGD-MFKNPVQUTAMSETRTEE57LIHRXC,정발산역,720,37.6572358,126.7712636
KEEP,카카오 SW8 검증 역세권,,GGD-BLVFAV77CHMRO7Y7J636C6OK24,마석역,705,37.6543076,127.3062056
KEEP,카카오 SW8 검증 역세권,,GGD-YMKEVY33RNMZVBDHZCSUT6JNJM,광명사거리역,696,37.4815845,126.8566465
KEEP,상업시설·시장 계열,,GGD-FGU7HFVTO2KPBWACSWUAXB33RJ,뉴코아아울렛동수원점,694,37.2638668,127.0346274
KEEP,상업시설·시장 계열,,GGD-KCUX4ZTHSGQNEHIJ3K4GGRKINN,롯데시네마송탄,681,37.0684330,127.0587263
KEEP,카카오 SW8 검증 역세권,,GGD-GVDXVIOMOR3LCJT2LPO4WQPQIM,수원역_7번출구,672,37.2683651,127.0024235
KEEP,카카오 SW8 검증 역세권,,GGD-3BKWAFIJE2QZ4LIQRAMR7P5V7J,부천시청역_3번출구,667,37.5034266,126.7612904
KEEP,상업시설·시장 계열,,GGD-Z3YFYCIZ5ZMM6HLDS7ZFGECI2M,CGV판교,663,37.3927690,127.1113020
KEEP,카카오 SW8 검증 역세권,,GGD-II7BN3VX5N3U6TODVTKEQORXVS,범계역,640,37.3897930,126.9506395
KEEP,카카오 SW8 검증 역세권,,GGD-MUYOLWPBKVB5J46L7IH4E7QM6X,주엽역,638,37.6705453,126.7616282
KEEP,상업시설·시장 계열,,GGD-NJJQHLS7MKC2JCUVPAYAJZRGOQ,수원영동시장,623,37.2778540,127.0178274
KEEP,상업시설·시장 계열,,GGD-VPC5Z4IJPZA47XYDTUXFFEYWDM,평택국제중앙시장,618,37.0812717,127.0515379
KEEP,카카오 SW8 검증 역세권,,GGD-JYIGYOTPNLHP42IE2DMUBJSRLA,수원역,606,37.2659797,126.9984547
KEEP,상업시설·시장 계열,,GGD-WK4JSZZODKA7JTLZ2UJWT7KXCZ,이마트김포한강점,606,37.6449297,126.6274222
KEEP,카카오 SW8 검증 역세권,,GGD-4YY7ZYNAPVM6TL6A74OXNS3FTP,정부과천청사역,601,37.4271073,126.9920412
KEEP,카카오 SW8 검증 역세권,,GGD-DLGHOXBQIWUTW3XMAMDC3BQKDD,상동역_1번출구,599,37.5064643,126.7559288
KEEP,카카오 SW8 검증 역세권,,GGD-U4FDAZTMTZKBQUT4LJCR373AVD,평촌역,598,37.3938382,126.9623868
KEEP,상업시설·시장 계열,,GGD-W7RWUP3I2LVIIYUPHG5OIVUZWT,롯데애비뉴엘일산점,597,37.6616289,126.7704190
KEEP,카카오 SW8 검증 역세권,,GGD-HB42AESOHAN2SNW5TTSKP5ABNB,철산역_1번출구,577,37.4750927,126.8687981
KEEP,카카오 SW8 검증 역세권,,GGD-OZRHQG2CBIGTEM5JQI7DB7UVBT,상동역,575,37.5069437,126.7508183
KEEP,상업시설·시장 계열,,GGD-U4LWXRIQKNDZQXPNZJTCYUMVKJ,통복시장,540,36.9969672,127.0867574
KEEP,카카오 SW8 검증 역세권,,GGD-5WASCC6YJKXQQQZQL76IWUJID4,야탑역,535,37.4111734,127.1273871
KEEP,카카오 SW8 검증 역세권,,GGD-VPFKWWGPJRFQL52YUPEO2UA64N,의정부역,527,37.7360638,127.0469692
KEEP,카카오 SW8 검증 역세권,,GGD-LZQINBENQWZTNTG4Y3OX3T4X4C,마두역,526,37.6521001,126.7783463
KEEP,상업시설·시장 계열,,GGD-X2ZLMEAIODDBQXHJ6WKG73T3PW,홈플러스안산고잔점,506,37.3106950,126.8285192
KEEP,카카오 SW8 검증 역세권,,GGD-IWBS2LOWQPOOU4JL25XKZ6JUIQ,인덕원역_6번출구,475,37.4005118,126.9751670
KEEP,카카오 SW8 검증 역세권,,GGD-LJWGG7U2LYSQKVOFLKSJCWZQW2,CGV부천역,461,37.4852618,126.7809075
KEEP,상업시설·시장 계열,,GGD-QLBT5PVLBKST6UBTZYJOTWYL6V,메가박스평택,459,36.9935695,127.0871423
KEEP,상업시설·시장 계열,,GGD-KRPON6A4ONB7HKBZMWGMGLJ2QR,엔씨백화점NC고잔점,452,37.3134609,126.8315796
KEEP,상업시설·시장 계열,,GGD-W2332TDAPZUX3XYG7WTSIKWVHQ,롯데마트빅마켓킨텍스점,442,37.6659656,126.7515941
KEEP,카카오 SW8 검증 역세권,,GGD-R2W34ATMLM2NRV4QKS75VI72I3,정자역_3번출구,432,37.3661474,127.1070383
KEEP,카카오 SW8 검증 역세권,,GGD-OMHKXIDBBOI6AIEBP4A5QRX7KE,고양구일산역사,424,37.6859988,126.7717302
KEEP,카카오 SW8 검증 역세권,,GGD-MZQ5GR7NEA5AJSPWCIY5XIDL6J,수원역_10번출구,417,37.2660731,127.0021592
KEEP,카카오 SW8 검증 역세권,,GGD-56JA47EDAXTQLVRGU33A2A6HB6,화정역_3번출구,417,37.6353653,126.8327341
KEEP,상업시설·시장 계열,,GGD-YFO57R6HVZSQEXGFR2P75NHHFN,메가박스수원남문,412,37.2760165,127.0155100
KEEP,카카오 SW8 검증 역세권,,GGD-UO2T45LBCGXP672KUCHJE53CHX,수원시청역_1번출구,410,37.2594661,127.0329058
KEEP,카카오 SW8 검증 역세권,,GGD-QEBMQU72IZFP7VRGQ5FLZODAZN,죽전역,410,37.3249558,127.1073461
KEEP,카카오 SW8 검증 역세권,,GGD-57UZR73C5GGTLL5T2AVPFM4QWA,마두역_1번출구,407,37.6524642,126.7767982
KEEP,상업시설·시장 계열,,GGD-CPG3LJTJVKIQDNI4RY3VU2ZGXI,롯데마트서현점,392,37.3866267,127.1220743
KEEP,카카오 SW8 검증 역세권,,GGD-OEWMAGPR5HKDFOZVBOYZ7PJIM6,수진역_2번출구,387,37.4368043,127.1416964
KEEP,카카오 SW8 검증 역세권,,GGD-G3EE56M3GR5V5ZOCBMBBNNG67L,미금역_3번출구,379,37.3489668,127.1100866
KEEP,카카오 SW8 검증 역세권,,GGD-7SGNJWLSLF33OCIAY65C3NEQXP,미금역_1번출구,377,37.3505085,127.1105753
KEEP,카카오 SW8 검증 역세권,,GGD-7HQV7FOT3QZE5BORMZS3WG6QGV,단대오거리역_1번출구,364,37.4459252,127.1624706
KEEP,카카오 SW8 검증 역세권,,GGD-PWP2NIFJFI6M3VPMUGXMR3HWFI,신흥역_3번출구,356,37.4412274,127.1463703
KEEP,상업시설·시장 계열,,GGD-QUSEX3Y7O7ZN5MOKFHRH7ZQB46,이마트파주운정점,354,37.7111425,126.7450244
KEEP,상업시설·시장 계열,,GGD-LC4DOG4B4WUYH5DMWK6OHVYT7C,메가박스남양주,353,37.6553819,127.2442898
KEEP,상업시설·시장 계열,,GGD-6B27X4UUCMB36YFO4N3F6KL2DA,롯데마트천천점,351,37.2963109,126.9827461
KEEP,상업시설·시장 계열,,GGD-ACTLFYVEZ73SRQWQNN43QDA6FM,CGV이천,350,37.2776270,127.4450501
KEEP,상업시설·시장 계열,,GGD-UMSXNYBBX327X7W4OIH6D3MGJ4,이마트시화점,346,37.3452639,126.7369238
KEEP,카카오 SW8 검증 역세권,,GGD-METMJ6DXCIX43ZXGWQQORMS5LQ,판교역로192번길,344,37.3973306,127.1115194
KEEP,상업시설·시장 계열,,GGD-QP3MEU4TEXQLWU75HRADBYXSTC,롯데마트시흥점,342,37.4414143,126.7914783
KEEP,상업시설·시장 계열,,GGD-CHFC6XVVMXB232D3NNPOOCYMBL,롯데마트고양점,336,37.6240868,126.8356672
KEEP,상업시설·시장 계열,,GGD-2AUV5LEGUJICKEMEJAAJWRAYP6,뉴코아아울렛광명점,331,37.4610267,126.8797024
KEEP,상업시설·시장 계열,,GGD-R2MXC3HST6I34UHH5X5QR6QQQ2,역곡북부시장,331,37.4872515,126.8128450
KEEP,카카오 SW8 검증 역세권,,GGD-GN6QT2MGIPASQK5ZXHSEV3F55D,상현역,328,37.2967576,127.0697836
KEEP,상업시설·시장 계열,,GGD-CJNGMWGC6VM545FNXEPZ66IBFM,CGV북수원,317,37.3028629,127.0085518
KEEP,상업시설·시장 계열,,GGD-IG44FHPGKGKCMAGCFFGDC7VGTD,사강장사강시장,315,37.2135261,126.7364074
KEEP,상업시설·시장 계열,,GGD-XRKFPNCL6LGPQWS4CGW7IRDM3J,동두천중앙시장,310,37.9067203,127.0528115
KEEP,카카오 SW8 검증 역세권,,GGD-FQGT532RDZBYZ3VBO7KIMUNMFO,용문역,310,37.4833635,127.5922599
KEEP,카카오 SW8 검증 역세권,,GGD-7B7EKNKJ4YD76MJH3KRE63VEGW,주엽역_3번출구,299,37.6701882,126.7599170
KEEP,카카오 SW8 검증 역세권,,GGD-MED63ORXFUMTPYGWYTLHUU3HTW,안산역,297,37.3257312,126.7914125
KEEP,카카오 SW8 검증 역세권,,GGD-DCLBEDRYHXMRD7KQWYK62VGHC6,구리역_2번출구,285,37.6028927,127.1433166
KEEP,상업시설·시장 계열,,GGD-GFKBFXWXMLVZVR4XRE2QIKAMQL,롯데시네마안산고잔,285,37.3091315,126.8283873
KEEP,상업시설·시장 계열,,GGD-LARIFEGWPMVES53NBAE7AXW3L4,이천일아울렛안양점,282,37.3947668,126.9230407
KEEP,상업시설·시장 계열,,GGD-2JK4ZU4LIYR6O7MLX4KAVKXGU4,롯데마트덕소점,274,37.5885781,127.2177008
KEEP,카카오 SW8 검증 역세권,,GGD-HAIG6AJHAFVDYHAAGMA5WDPROG,광명사거리역_2번출구,273,37.4776498,126.8577569
KEEP,카카오 SW8 검증 역세권,,GGD-HFDYCTBMMPHBXXOBEKGYGP75NJ,부천역,272,37.4838655,126.7799658
KEEP,카카오 SW8 검증 역세권,,GGD-OHBWCOMRSUDCFYNNU5HJ3BKFY6,군포역_1번출구,270,37.3521632,126.9474609
KEEP,카카오 SW8 검증 역세권,,GGD-AC5RN5BCEBI36PPTYTTBOCI37P,미금역_7번출구,269,37.3508200,127.1076343
KEEP,카카오 SW8 검증 역세권,,GGD-VTON6WJ5YULK4QO63EZKBVKBKN,미금역_5번출구,266,37.3492814,127.1075569
KEEP,관광·문화 계열,,GGD-OPFMHEHTBUXXYNQFJOFU6YISKN,뉴프린스관광호텔,259,37.4845685,126.7860102
KEEP,상업시설·시장 계열,,GGD-W2GOROEG7OKTXFRGIGRUV7X755,메가박스양주,252,37.7950589,127.0788425
KEEP,카카오 SW8 검증 역세권,,GGD-AC4JXG4SKCTO43VCRR4K73X67U,모란역정류소,247,37.4317628,127.1283300
KEEP,카카오 SW8 검증 역세권,,GGD-6PIEZVZROW64AGREGWWYPUEFC6,부천시청역_4번출구,243,37.5048072,126.7663336
KEEP,상업시설·시장 계열,,GGD-BOZKPUTSEI4LLWLYLL755L2BKG,뉴코아아울렛평택점,239,36.9951894,127.1121569
KEEP,카카오 SW8 검증 역세권,,GGD-ZZJ3KHBFLNHCUOLUOB4LP6E7WA,명학역_2번출구,239,37.3881176,126.9369246
KEEP,상업시설·시장 계열,,GGD-LRCUAVLKTJ4Q3ERGPINJE6H4VC,이마트고잔점,233,37.3024281,126.8118966
KEEP,상업시설·시장 계열,,GGD-CZPFYIGB5NH7JKDHXPXE2TT55B,롯데마트권선점,229,37.2506221,127.0352773
KEEP,카카오 SW8 검증 역세권,,GGD-EZJXXEGDWQ5KUPQ6DJLJF5GJGG,신중동역_4번출구,225,37.5040989,126.7716572
KEEP,관광·문화 계열,,GGD-RGXOXWPDC7R3FRZU6M5ZJ3XNQR,양주문화원,225,37.8240880,126.9848274
KEEP,상업시설·시장 계열,,GGD-NL2UJNSDKWJMIDYEVO63HARQPX,안양남부시장,223,37.3964195,126.9259689
KEEP,상업시설·시장 계열,,GGD-H5QI2NJX7W5BXN4VKAQR6UNGCC,박달시장,221,37.4052118,126.9096417
KEEP,카카오 SW8 검증 역세권,,GGD-IU6YOUXCXKADNOWZSIEC2H45ON,부천시청역_1번출구,221,37.5032647,126.7638999
KEEP,상업시설·시장 계열,,GGD-EJWO3QSSUP7OCTIUBKLPNJFBBU,CGV김포운양,216,37.6553225,126.6825899
KEEP,카카오 SW8 검증 역세권,,GGD-OG4FBKZ5Q5XEEMN3DEM4VAEHEX,정왕역,215,37.3521436,126.7440162
KEEP,상업시설·시장 계열,,GGD-JMIGDYBO67YNJVTLHF4NTBWJYT,산본시장,214,37.3704015,126.9382903
KEEP,상업시설·시장 계열,,GGD-WMDV7BWFX5ZXYIK7TJSTTCUA6T,경기강남시장,206,37.5071015,126.7812901
KEEP,카카오 SW8 검증 역세권,,GGD-ITTD42GT4QOSZW3VY35C47K7B3,망포역_6번출구,206,37.2464566,127.0590894
KEEP,카카오 SW8 검증 역세권,,GGD-LYTTDI2K3PX55CXNKGRJK5O2CP,철산역_4번출구,206,37.4767942,126.8664041
KEEP,상업시설·시장 계열,,GGD-2XMCXLHFPZXN3NESKN4JCGUYJU,CGV파주문산,205,37.8667852,126.7842271
KEEP,카카오 SW8 검증 역세권,,GGD-RHHLQKOCFF7VWQKZIJGOBARKK6,오리역,205,37.3393665,127.1097416
KEEP,카카오 SW8 검증 역세권,,GGD-GM5QGIZWZWFR5HYN4I3OPKB76S,인덕원역_2번출구,196,37.4001702,126.9777166
KEEP,카카오 SW8 검증 역세권,,GGD-CDVZEQCKDPB7GAAGECWVNJ54QO,대화역_4번출구,194,37.6766626,126.7475784
KEEP,카카오 SW8 검증 역세권,,GGD-C6YJRVQJGBGJ4M7622MR7YKMW3,수원시청역,193,37.2601624,127.0249986
KEEP,카카오 SW8 검증 역세권,,GGD-X6235JFNM3LDQUG3SLKY7SFLAM,회룡역_3번출구,191,37.7237899,127.0456491
KEEP,카카오 SW8 검증 역세권,,GGD-F4YE7KGDEPSDQCIO5G7HTAF5VF,신중동역,190,37.5047280,126.7766800
KEEP,카카오 SW8 검증 역세권,,GGD-F5WTMEHUERFBGEGFLMKCVHYYOA,망포역,189,37.2444502,127.0594946
KEEP,카카오 SW8 검증 역세권,,GGD-ZNMBQI2XPRC2JW2O6IHSW2ZNF5,영통역_8번출구,189,37.2534617,127.0724854
KEEP,상업시설·시장 계열,,GGD-QNIRILF2ZO3JJ57OJ2IJHDX646,메가박스파주금촌,185,37.7654255,126.7757344
KEEP,카카오 SW8 검증 역세권,,GGD-XHZ36UC7KA3KXC4ZMPSMORILNS,백석역_5번출구,185,37.6448830,126.7864420
KEEP,카카오 SW8 검증 역세권,,GGD-7UD7BVISTDVOFFQEN2FRDWKBMW,대화역,184,37.6757338,126.7471819
KEEP,상업시설·시장 계열,,GGD-G4OWLMHXGI27CE75V3M7OXJEMS,메가박스동탄,183,37.2034466,127.0720142
KEEP,카카오 SW8 검증 역세권,,GGD-HCQWQSOE56G5MDUCKCFQG3BNC7,의정부역_2번출구,180,37.7358093,127.0445761
KEEP,상업시설·시장 계열,,GGD-YN5VCLQGDQYQCBOJ5DVOTWXIMY,롯데시네마진접,177,37.7121304,127.1875402
KEEP,카카오 SW8 검증 역세권,,GGD-W6VMZCISQQ4TSRN2TVIIR277NE,안양역_1번출구,177,37.4024123,126.9221286
KEEP,상업시설·시장 계열,,GGD-Z6D6NILRWOF2EUUDZHSME6ZKDC,수원프리미엄아울렛,176,37.2663196,127.0747737
KEEP,상업시설·시장 계열,,GGD-KXNVK5GB5F2GETNHLNIDZKHP6Z,홈플러스부천소사점,176,37.4839364,126.8123825
KEEP,카카오 SW8 검증 역세권,,GGD-H4MBOENIJGQBY6NFXWRE6QJD7L,백석역_7번출구,173,37.6431761,126.7896944
KEEP,상업시설·시장 계열,,GGD-Q276WEGCV63WKWGJNR6KKJW7WX,홈플러스김포점,170,37.6224143,126.6992568
KEEP,상업시설·시장 계열,,GGD-XMWEKZNGDSKJVLL3HME4BMUBAE,수원못골시장,164,37.2767883,127.0201960
KEEP,카카오 SW8 검증 역세권,,GGD-APQCUOFCQPMX2SBG2Y5V4YUPTC,백석역,162,37.6440061,126.7858306
KEEP,카카오 SW8 검증 역세권,,GGD-GJLCAEXWUAHMXKTCD4DO6G662J,병점역,161,37.2072071,127.0338648
KEEP,상업시설·시장 계열,,GGD-XCQ2YI75DZTX3EMQOSJWD7QTVM,엔씨백화점NC이천점,161,37.2835062,127.4431899
KEEP,카카오 SW8 검증 역세권,,GGD-R3W64C52LMJQVEC5Z3LJTED4RY,산본역_4번출구,160,37.3576974,126.9333454
KEEP,카카오 SW8 검증 역세권,,GGD-5EDBHJILWUKRE4IAVDLHXCFI5M,정부과천청사역_11번출구,160,37.4290855,126.9912473
KEEP,카카오 SW8 검증 역세권,,GGD-BF52AZJOB3BXBN2EKVJIC5P4TF,역곡역_2번출구,152,37.4850808,126.8093536
KEEP,카카오 SW8 검증 역세권,,GGD-OE2JN3SFZBADM44RBIOMSKAWMO,판교역로,150,37.4014258,127.1113130
KEEP,상업시설·시장 계열,,GGD-P7RNP7JTSITWMQZSRBK2JYY24G,이마트흥덕점,149,37.2757213,127.0726345
KEEP,카카오 SW8 검증 역세권,,GGD-OEIPWM44XYO6VENQKZ7NHXW5RX,야당역,148,37.7125388,126.7645182
KEEP,카카오 SW8 검증 역세권,,GGD-ZJI3ZITB5N6IKXNI5TRIPGPIAU,백석역_1번출구,147,37.6412127,126.7892376
KEEP,카카오 SW8 검증 역세권,,GGD-WQNQDQCSBAYRWGLFCNCDWVDE7Z,명학역,144,37.3848805,126.9337590
KEEP,상업시설·시장 계열,,GGD-UZ2JM6UNWJXL5QNLQ4KR2SU5FT,롯데마트구리점,142,37.6132728,127.1408904
KEEP,카카오 SW8 검증 역세권,,GGD-VG7GQLENPQJIR7BRXVSI4WJ66H,오리역_6번출구,138,37.3412800,127.1081890
KEEP,카카오 SW8 검증 역세권,,GGD-A3BOY74XKOVI5FOKY4DZ3ENTQN,광명사거리역_4번출구,137,37.4796193,126.8521352
KEEP,상업시설·시장 계열,,GGD-BY7SMSZPJN5L3DLNM2ZTSMIWTK,CGV김포,135,37.6191510,126.7200973
KEEP,관광·문화 계열,,GGD-5DESZVQQ2Y6VYKZUIO4V7RZGEV,시흥관광호텔,129,37.3378478,126.7489269
KEEP,카카오 SW8 검증 역세권,,GGD-M2IFVPMTLXBJXQCPDTZRTI77MA,단대오거리역_2번출구,125,37.4439631,127.1590071
KEEP,카카오 SW8 검증 역세권,,GGD-I4YVPSWG7B5UBBUR3R42NMBQ5R,송내역정류소,120,37.4861095,126.7515955
KEEP,상업시설·시장 계열,,GGD-ZZPY2PXIYPLVAEJI6SJFRGOFS7,기흥맛깔촌,115,37.2687574,127.1068814
KEEP,상업시설·시장 계열,,GGD-CMEYMULBO2SWNV6JVON3MD5RHF,롯데시네마파주아울렛,113,37.7191010,126.6929285
KEEP,상업시설·시장 계열,,GGD-5PZ7OGDLQKK3K3OKA4THJXN65Y,이마트광명소하점,112,37.4473808,126.8847777
KEEP,상업시설·시장 계열,,GGD-XAIRJI3YSZO3QVYXPIJWABWIZQ,이천일아울렛수원점,111,37.2739274,127.0205045
KEEP,카카오 SW8 검증 역세권,,GGD-RYKDPJISU6CNNRG42ZH2HPJUZD,망월사역_1번출구,110,37.7104760,127.0473989
KEEP,카카오 SW8 검증 역세권,,GGD-4ZDI4NM2YQFVTMLGDIZUZFFXHP,광명사거리역_6번출구,109,37.4822814,126.8551648
KEEP,상업시설·시장 계열,,GGD-GHJ6BEBE3IMU64GUMDWZ6Z7GX6,롯데시네마용인,109,37.2343567,127.2073815
KEEP,상업시설·시장 계열,,GGD-M6HAXUMBSRHPXCQE74L5PRXIPS,수원농수산물도매시장,108,37.2559504,127.0312225
KEEP,카카오 SW8 검증 역세권,,GGD-M5IMOYIBFJT3WNPCBFFTVINERX,역곡역_1번출구,107,37.4844717,126.8104739
KEEP,관광·문화 계열,,GGD-ZW5NAHMSHMO2SNTXBSN27B6IBH,문화극장,91,37.9064409,127.0551164
KEEP,상업시설·시장 계열,,GGD-BJRJVJ3UHJCBBDQZRXRYBOTAWQ,홈플러스의전부점,91,37.7521301,127.0710058
KEEP,카카오 SW8 검증 역세권,,GGD-RQ2EBXTSYOV7GJ2AJ4D7JJEB5N,망포역_4번출구,90,37.2464929,127.0541458
KEEP,카카오 SW8 검증 역세권,,GGD-P5TIEK3KQTZB4T3BMLUFTV76DP,운정역,90,37.7248619,126.7693953
KEEP,상업시설·시장 계열,,GGD-QZNIMGEHDVCBB7QSSHDERAGTQ7,홈플러스병점점,89,37.2035089,127.0367795
KEEP,상업시설·시장 계열,,GGD-HCZOVB7RJZUEHGKMMBEAMH5RQG,이마트남양주점,88,37.6549742,127.2431128
KEEP,카카오 SW8 검증 역세권,,GGD-YDJIXI53I4RXCKTULNRTLEN4HF,지행역_2번출구,87,37.8941617,127.0563389
KEEP,상업시설·시장 계열,,GGD-EOXQLWCQNR7HMXAYYKKY3QBGEE,안양농수산물도매시장,82,37.3821932,126.9693421
KEEP,카카오 SW8 검증 역세권,,GGD-GHW5LY2URAVQT2JE4ZPMRCYJUR,송내역,81,37.4900883,126.7472070
KEEP,관광·문화 계열,,GGD-AJ77J73A6UV47TRUNMQVTQSVOY,군포문화원,80,37.3458535,126.9434553
KEEP,카카오 SW8 검증 역세권,,GGD-JOS5HESKDRJJTFAQ7YSNIOY6QO,동두천중앙역_1,76,37.9036680,127.0522755
KEEP,관광·문화 계열,,GGD-L5M4R45P2QTOWNBJAUMHAOZJZ2,벨라지오관광호텔,73,36.9861268,126.8449710
KEEP,관광·문화 계열,,GGD-SJQ7WU66DZC25VZEZRFNMLXG6B,여주문화원,73,37.2945150,127.6381757
KEEP,상업시설·시장 계열,,GGD-LUMEUAYEQWA5KUGIEE2LWDAQ2S,홈플러스포천송우점,70,37.8239309,127.1395552
KEEP,상업시설·시장 계열,,GGD-NITVWRBPLNWN34CYAGUCGDTLC4,홈플러스진접점,69,37.7224359,127.1893651
KEEP,상업시설·시장 계열,,GGD-B4JKNJSRRXAC4DGL4GCWRTAF4Q,롯데마트평택점,67,36.9887446,127.1118868
KEEP,카카오 SW8 검증 역세권,,GGD-MHV3ZF6FINWH6KQVEVLXBGJL3S,망포역_3번출구,67,37.2454100,127.0557003
KEEP,관광·문화 계열,,GGD-6V4EOPH6ZEBS7OU6JJXIBJAAOL,화성문화원,67,37.1324032,126.9224554
KEEP,상업시설·시장 계열,,GGD-LONZLGUAC5N5AN5JKYL545SKXG,이마트죽전점,62,37.3252840,127.1099516
KEEP,상업시설·시장 계열,,GGD-PYHEXLWF4S2YUHUWKBWJLEHWG2,홈플러스분당오리점,60,37.3409204,127.1066747
KEEP,카카오 SW8 검증 역세권,,GGD-723UO3WTLQNJPCYKP65UPCYWHQ,영통역,59,37.2518390,127.0725411
KEEP,카카오 SW8 검증 역세권,,GGD-PSIFPXZFC23I76USWGAOTQH46S,지행역,59,37.8903538,127.0558829
KEEP,상업시설·시장 계열,,GGD-5AGZR6JBA3AA2NXOGRIROJFWQS,롯데마트마석점,58,37.6504157,127.3094278
KEEP,상업시설·시장 계열,,GGD-33HAF5EWBLIWYMOUFQEWGAHZFW,롯데마트시화점,55,37.3371252,126.7292646
KEEP,관광·문화 계열,,GGD-2W4Y4Q4M5VXUU6OU5ABZYPVQL4,송탄관광호텔,53,37.0787189,127.0517207
KEEP,카카오 SW8 검증 역세권,,GGD-2N5TBW2MXV2AIJRLGGK3RCP5O7,금촌역,51,37.7658136,126.7743214
KEEP,관광·문화 계열,,GGD-ZIZWDJZYEQGXN6ONW4HI37S7WV,경기예술고등학교,49,37.5059167,126.7613735
KEEP,카카오 SW8 검증 역세권,,GGD-42H3E5KIURWMPJPUXTAIU3NNV2,탄현역,47,37.6957903,126.7604938
KEEP,상업시설·시장 계열,,GGD-J2YGQ4W52LTCPY6LSUROZP3XQP,롯데마트수지점,46,37.3205502,127.0991443
KEEP,상업시설·시장 계열,,GGD-ADNDYZFLXWBQZQG6SX3MVT24RU,이마트안양점,44,37.3977560,126.9364536
KEEP,카카오 SW8 검증 역세권,,GGD-MB3KE4IK354FIHXNW5CW2SXWUD,동두천중앙역_2,35,37.9012030,127.0570516
KEEP,상업시설·시장 계열,,GGD-UXZ4GBGDSRBSCFAZGQ7R4JBL2X,이마트이천점,29,37.2950656,127.4582699
KEEP,카카오 SW8 검증 역세권,,GGD-6YBFZFT4I6MFJODOOE6CIRDV5U,연천역급수탑,28,38.1027857,127.0756692
KEEP,카카오 SW8 검증 역세권,,GGD-SCUSJXWOHKLE27KQHTBPTVVNVG,금정역_6번출구,7,37.3737483,126.9418714
KEEP,카카오 SW8 검증 역세권,,GGD-TO4KHH57TXKYU44HXHFOJWCOEO,성복역,1,37.3134478,127.0821037
REVIEW,명칭만으로 추천 상권 적합성 판단 불가,,GGD-RARKV2P5IGS75LZMKYMJ6ZFQ7K,오산고속터미널,1156,37.1442444,127.0695467
REVIEW,명칭만으로 추천 상권 적합성 판단 불가,,GGD-HRG2ZPOGOSU4DJOROXPRCUL6U3,고양고속터미널,956,37.6326749,126.8322101
REVIEW,명칭만으로 추천 상권 적합성 판단 불가,,GGD-SZ6MWW55ILUO4BKER5U6JFEER4,라페스타라페스타,805,37.6603652,126.7678488
REVIEW,명칭만으로 추천 상권 적합성 판단 불가,,GGD-WEWNQOX7ETGUSZNM4SRJOXB2PL,삼원프라자호텔,771,37.4006156,126.9211388
REVIEW,명칭만으로 추천 상권 적합성 판단 불가,,GGD-FD4VUDGSRCOZ5YMIJFTIPA6WXU,구리시외버스정류장,751,37.5991386,127.1380657
REVIEW,명칭만으로 추천 상권 적합성 판단 불가,,GGD-DUOZKJDWFO6QDCXCF7EOZWBKFP,전곡시외버스터미널,711,38.0260472,127.0691864
REVIEW,명칭만으로 추천 상권 적합성 판단 불가,,GGD-3PIEZPDRJXW3O2XV3TVRV3H5KV,안양공용버스터미널,684,37.3976810,126.9199196
REVIEW,명칭만으로 추천 상권 적합성 판단 불가,,GGD-EJPP4UKJVGQAIULTZC42WEHSS2,올레플라자양평점,682,37.4907398,127.4914253
REVIEW,명칭만으로 추천 상권 적합성 판단 불가,,GGD-RFG2MMJ3CO4BBBMRROUTXV5TCS,오산시외버스터미널,633,37.1517904,127.0704167
REVIEW,명칭만으로 추천 상권 적합성 판단 불가,,GGD-LCOGIQRGLRKKB7UUYNWEOH2T5T,마송정류소,513,37.6912020,126.5988594
REVIEW,명칭만으로 추천 상권 적합성 판단 불가,,GGD-EDRPDFAJJWK6JG377XY5CBPXZV,여주장,496,37.2974109,127.6336604
REVIEW,명칭만으로 추천 상권 적합성 판단 불가,,GGD-ULIQFU2V6L2NE6QCCW6MJP2OML,경기광주문예회관,488,37.4102847,127.2593433
REVIEW,명칭만으로 추천 상권 적합성 판단 불가,,GGD-K2VY7KOVUJWVTZAU4D5RIIYXEX,씨네,485,37.2798015,127.4458003
REVIEW,명칭만으로 추천 상권 적합성 판단 불가,,GGD-VUGBS7IXQMB24ZOY56NAHKR6MP,부천시외버스터미널,448,37.5043156,126.7555209
REVIEW,명칭만으로 추천 상권 적합성 판단 불가,,GGD-RIC2JUHLRJ5PJ5BKYX6QXVGOY4,가평시외버스터미널,419,37.8285132,127.5151288
REVIEW,명칭만으로 추천 상권 적합성 판단 불가,,GGD-TXWCRVA7RLKFC724C4LMN7OJBK,올레플라자이천점,419,37.2835032,127.4486622
REVIEW,명칭만으로 추천 상권 적합성 판단 불가,,GGD-7FNKJD35OUQPCXQNREOHTCMMBW,낙원역사공원,415,37.0051911,127.2731998
REVIEW,명칭만으로 추천 상권 적합성 판단 불가,,GGD-ZWUEXTFDM7B2E5HB2FCMHZEISH,안정리정류소,396,36.9605023,127.0453162
REVIEW,명칭만으로 추천 상권 적합성 판단 불가,,GGD-23A2AZWYSYONMU5V2HRXWVF7CS,평택고속터미널,396,36.9915602,127.0848718
REVIEW,명칭만으로 추천 상권 적합성 판단 불가,,GGD-2EISJBWXSLENYBIVDZ6IVDYWC6,아이큐아리움,368,37.4018752,127.1076280
REVIEW,명칭만으로 추천 상권 적합성 판단 불가,,GGD-EFCHVJSVHEUMXKCIWNQ4IK5OGC,조암공용버스터미널,353,37.0835308,126.8187790
REVIEW,명칭만으로 추천 상권 적합성 판단 불가,,GGD-F62WPH7MGFTFVS6P2YXSKKVHQQ,일동시외버스터미널,291,37.9576379,127.3171762
REVIEW,명칭만으로 추천 상권 적합성 판단 불가,,GGD-2NRBL5LF2R6VR67ZVRSP6LWW6E,원마운트원마운트,280,37.6629561,126.7553890
REVIEW,명칭만으로 추천 상권 적합성 판단 불가,,GGD-WHM3APVPJPG35DCRQOGFJGCUVC,현리공용버스터미널,252,37.8192886,127.3487690
REVIEW,명칭만으로 추천 상권 적합성 판단 불가,,GGD-R6FGBDXQ4N5EU7ORURKGDITVHE,송탄시외버스터미널,250,37.0816868,127.0581956
REVIEW,명칭만으로 추천 상권 적합성 판단 불가,,GGD-LBHBPIURPEEBIXR6VGMKW7SECI,퇴계원정류소,247,37.6525529,127.1426096
REVIEW,명칭만으로 추천 상권 적합성 판단 불가,,GGD-HZIO2SC35DKPGVXCJINRBK5Z5G,아주대정류소,239,37.2736546,127.0444966
REVIEW,명칭만으로 추천 상권 적합성 판단 불가,,GGD-7KCTY6BJX5XA6IEOJVQX7XGXRV,올레플라자수원점,234,37.2907189,127.0115665
REVIEW,명칭만으로 추천 상권 적합성 판단 불가,,GGD-HBNR7AELNIB76XPMDPRC3BZTCP,현화고등학교,234,36.9785953,126.9186972
REVIEW,명칭만으로 추천 상권 적합성 판단 불가,,GGD-EKYAHIOCGKPU5AY76PMYY4YVOJ,아미리정류소,228,37.2538603,127.4894246
REVIEW,명칭만으로 추천 상권 적합성 판단 불가,,GGD-FVZMCBDRCM4ZLYA6AUTSPY37EJ,태평시외버스터미널,228,37.2037492,127.5447199
REVIEW,명칭만으로 추천 상권 적합성 판단 불가,,GGD-6FRZG6GH3T5DSL25KUQ4DBQSR4,관양초등학교,218,37.4047781,126.9591038
REVIEW,명칭만으로 추천 상권 적합성 판단 불가,,GGD-BCXCDFZMWGVVKPDQ7BTYDCUBDS,청평공용버스터미널,214,37.7372254,127.4192425
REVIEW,명칭만으로 추천 상권 적합성 판단 불가,,GGD-WZVCXSELNIJ23ZTBBGQZR5XMFH,올레플라자동수원점,212,37.2720854,127.0466560
REVIEW,명칭만으로 추천 상권 적합성 판단 불가,,GGD-OCNNL6L522ZE6AFQVNBJZ6C2HX,운천공용버스터미널,206,38.0908415,127.2726208
REVIEW,명칭만으로 추천 상권 적합성 판단 불가,,GGD-KGO5JEYGWLIEJ5V3JHXXTFDIQV,상록수정류소,197,37.3020753,126.8635441
REVIEW,명칭만으로 추천 상권 적합성 판단 불가,,GGD-PBQMMBADPAPZ566FQHELTJ2NOK,갤러리모자이크,195,37.7889836,126.6992545
REVIEW,명칭만으로 추천 상권 적합성 판단 불가,,GGD-ZZQLTJL3DF2METPXPY4AVLBOH5,수원고속터미널,184,37.2504902,127.0208101
REVIEW,명칭만으로 추천 상권 적합성 판단 불가,,GGD-JPSKEWCBXGB5NYOWTZZ72MUOVG,세이브존성남점,180,37.4438320,127.1531733
REVIEW,명칭만으로 추천 상권 적합성 판단 불가,,GGD-7EWU2IFD4ACOGHBRHMPWKOBJMB,시흥시화고속터미널,173,37.3436303,126.7354964
REVIEW,명칭만으로 추천 상권 적합성 판단 불가,,GGD-GVEC76FOSDJFABMBFZUBA4Y5R6,올레플라자여주점,158,37.2964362,127.6380607
REVIEW,명칭만으로 추천 상권 적합성 판단 불가,,GGD-CLR5OITTZ4RGH3AE5MYPAWKQGM,양수리정류소,153,37.5449573,127.3207327
REVIEW,명칭만으로 추천 상권 적합성 판단 불가,,GGD-P6LV2FHNGXB3P5FKWVQAROUNXP,곤충생태관,146,37.5966920,127.1466955
REVIEW,명칭만으로 추천 상권 적합성 판단 불가,,GGD-DLQH6KGZ2E4V7OLZTXF3UGXJZS,문산시외버스터미널,144,37.8575679,126.7861719
REVIEW,명칭만으로 추천 상권 적합성 판단 불가,,GGD-THCVBZRL6Q2C2PRMWQRJIBY275,일죽시외버스터미널,143,37.0936554,127.4784771
REVIEW,명칭만으로 추천 상권 적합성 판단 불가,,GGD-LGJJ62RLRMLCA5YTM4GMEFN6O5,리치플러스스파,136,37.6499424,127.2434377
REVIEW,명칭만으로 추천 상권 적합성 판단 불가,,GGD-7B6KFYLGYUQA6RSY662XRB7RWT,발안초등학교,136,37.1276577,126.9129489
REVIEW,명칭만으로 추천 상권 적합성 판단 불가,,GGD-QS4QIE2IFGB72PM7U2CZMHH25M,스노우맨,125,37.6566842,127.2757730
REVIEW,명칭만으로 추천 상권 적합성 판단 불가,,GGD-HTXFNGR3RRISVQK4IRRTWQWBCD,이천고속터미널,122,37.2763307,127.4479929
REVIEW,명칭만으로 추천 상권 적합성 판단 불가,,GGD-EH6KPKDIKZ2EOO5FURRH5GRS62,여주고속터미널,112,37.2906506,127.6361374
REVIEW,명칭만으로 추천 상권 적합성 판단 불가,,GGD-BQCCLJJN5Q2PD3GQGLBHZJDY33,적성공용버스터미널,111,37.9551693,126.9190286
REVIEW,명칭만으로 추천 상권 적합성 판단 불가,,GGD-CUUCEE3UHXUSMLDCDGJUMMTDTN,성남고속터미널,104,37.4128880,127.1274060
REVIEW,명칭만으로 추천 상권 적합성 판단 불가,,GGD-EKXTK5HQXAESCCVKEPFBW4GJXR,죽전정류소,103,37.3275126,127.1079975
REVIEW,명칭만으로 추천 상권 적합성 판단 불가,,GGD-G3VPZ5REPTXAP6IE42QS7YGCUM,미사중학교,100,37.5535382,127.1946267
REVIEW,명칭만으로 추천 상권 적합성 판단 불가,,GGD-DKM6LEJNXF4T73ZX6T6COGP56W,부발정류소,99,37.2827223,127.4873135
REVIEW,명칭만으로 추천 상권 적합성 판단 불가,,GGD-EDYM5VAB44GVAIUIJ37VU2UXUQ,선행초등학교,94,37.2550446,127.0253787
REVIEW,명칭만으로 추천 상권 적합성 판단 불가,,GGD-2K6CNV5C6DVIN6J624BPI5V3EU,마석정류소,89,37.6501880,127.3034017
REVIEW,명칭만으로 추천 상권 적합성 판단 불가,,GGD-KRQZKHWFENRNDIM22MPSWKGRME,용인고속터미널,86,37.2320628,127.2112950
REVIEW,명칭만으로 추천 상권 적합성 판단 불가,,GGD-N7X3K4LRM4O56Q5DNFYLWSTW5M,미필스키랜드,78,37.3665635,127.1280120
REVIEW,명칭만으로 추천 상권 적합성 판단 불가,,GGD-GRN5CYAQ5SZZFWFR2K6W4HEDV3,양평시외버스정류장,69,37.4906318,127.5005032
REVIEW,명칭만으로 추천 상권 적합성 판단 불가,,GGD-CHQLX5KYUVEAUJZKNQXWKPWZS5,평내정류소,69,37.6503698,127.2386515
REVIEW,명칭만으로 추천 상권 적합성 판단 불가,,GGD-ALVF4YPSTXXER5TCTX63MYEAYZ,파주출판도시,60,37.7070710,126.6866725
REVIEW,명칭만으로 추천 상권 적합성 판단 불가,,GGD-JAEA2HLIW6BYGE5TXDTBWCZVU6,서수원버스터미널,59,37.2825243,126.9704078
REVIEW,명칭만으로 추천 상권 적합성 판단 불가,,GGD-HUPDH3X6OOAUVIUBV4RRZ5RK2D,이일천랜드,58,37.4405853,127.1729228
REVIEW,명칭만으로 추천 상권 적합성 판단 불가,,GGD-MEQKMKXGTFC4TU7ZQDNQTUJRLG,여주군청,56,37.2976194,127.6392982
REVIEW,명칭만으로 추천 상권 적합성 판단 불가,,GGD-5MI4FSGOJ6FJ5UUEUQGETBYSWT,안산고속버스터미널,55,37.3170391,126.8471930
REVIEW,명칭만으로 추천 상권 적합성 판단 불가,,GGD-LTQDSNFFAOZ6AAD5PAEUJRSCJA,포천시외버스터미널,53,37.8967280,127.2036203
REVIEW,명칭만으로 추천 상권 적합성 판단 불가,,GGD-VDRCQGXM7XULSQDCIIK4Y4HFHR,올레플라자화성점,42,37.1329113,126.9126726
REVIEW,명칭만으로 추천 상권 적합성 판단 불가,,GGD-B7224K2PHV2C6JDZOVOEEJNWWQ,리젠시호텔,39,37.2740238,127.0179151
REVIEW,명칭만으로 추천 상권 적합성 판단 불가,,GGD-RQXYCHAIVRPE6XUYKXYCAJICD6,망포중학교,33,37.2388149,127.0544409
REVIEW,명칭만으로 추천 상권 적합성 판단 불가,,GGD-2XHWMPK2OQBKISTPSLNS7N6DZB,극동스포랜드,29,37.3049949,126.8156349
REVIEW,명칭만으로 추천 상권 적합성 판단 불가,,GGD-2QJHZIWMTBFTQ6MUDQPBXIQHGT,송내고등학교,12,37.4867523,126.7450441
