selectionReason,reviewDecision,commercialAreaCode,commercialAreaName,areaType,latitude,longitude
대표 단일 노선 역세권,,3120003,광화문역,DEVELOPMENT,37.5719681,126.9745983
대표 단일 노선 역세권,,3120012,대학로(혜화역),DEVELOPMENT,37.5827467,127.0013246
대표 단일 노선 역세권,,3120222,삼성역,DEVELOPMENT,37.5086677,127.0631565
대표 단일 노선 역세권,,3120050,서울숲역,DEVELOPMENT,37.5422015,127.0469586
대표 단일 노선 역세권,,3120052,성수역,DEVELOPMENT,37.5446750,127.0566691
대표 단일 노선 역세권,,3120202,압구정로데오역(압구정로데오),DEVELOPMENT,37.5267699,127.0401385
대표 단일 노선 역세권,,3120046,이태원(이태원역),DEVELOPMENT,37.5349307,126.9947841
대표 단일 노선 역세권,,3120006,종각역,DEVELOPMENT,37.5703749,126.9834960
대표 상권·시장·카페거리·대학가,,3120150,63빌딩,DEVELOPMENT,37.5196885,126.9397074
대표 상권·시장·카페거리·대학가,,3120098,DMC(디지털미디어시티),DEVELOPMENT,37.5799022,126.8898010
대표 상권·시장·카페거리·대학가,,3120231,가락시장,DEVELOPMENT,37.4935489,127.1117342
대표 상권·시장·카페거리·대학가,,3120131,가산디지털단지,DEVELOPMENT,37.4771003,126.8828862
대표 상권·시장·카페거리·대학가,,3120117,강서농산물도매시장,DEVELOPMENT,37.5529056,126.8212715
대표 상권·시장·카페거리·대학가,,3120129,구로디지털단지,DEVELOPMENT,37.4840406,126.8951543
대표 상권·시장·카페거리·대학가,,3120045,남영동 먹자골목,DEVELOPMENT,37.5428656,126.9733069
대표 상권·시장·카페거리·대학가,,3120158,녹두거리(대학동),DEVELOPMENT,37.4703119,126.9370114
대표 상권·시장·카페거리·대학가,,3120028,명동(명동거리),DEVELOPMENT,37.5627885,126.9837014
대표 상권·시장·카페거리·대학가,,3120161,방배동가구거리(사당동가구거리),DEVELOPMENT,37.4949701,126.9834787
대표 상권·시장·카페거리·대학가,,3120162,방배동카페골목,DEVELOPMENT,37.4957543,126.9858081
대표 상권·시장·카페거리·대학가,,3120229,방이동먹자골목,DEVELOPMENT,37.5143825,127.1092316
대표 상권·시장·카페거리·대학가,,3120005,삼청동,DEVELOPMENT,37.5834930,126.9810590
대표 상권·시장·카페거리·대학가,,3120102,서교동(홍대),DEVELOPMENT,37.5548681,126.9175312
대표 상권·시장·카페거리·대학가,,3120165,서래마을카페거리(서래마을),DEVELOPMENT,37.4980797,126.9980775
대표 상권·시장·카페거리·대학가,,3120072,성신여대,DEVELOPMENT,37.5923680,127.0174939
대표 상권·시장·카페거리·대학가,,3120183,양재천카페거리,DEVELOPMENT,37.4805922,127.0434830
대표 상권·시장·카페거리·대학가,,3120104,연남동(홍대),DEVELOPMENT,37.5600702,126.9224715
대표 상권·시장·카페거리·대학가,,3120093,연희동,DEVELOPMENT,37.5668594,126.9299916
대표 상권·시장·카페거리·대학가,,3120008,인사동,DEVELOPMENT,37.5739070,126.9852272
대표 상권·시장·카페거리·대학가,,3120036,장충동족발거리(남소영길),DEVELOPMENT,37.5600145,127.0055006
대표 상권·시장·카페거리·대학가,,3120218,코엑스,DEVELOPMENT,37.5121657,127.0591102
서울 관광특구,,3001496,강남 마이스 관광특구,TOURIST_SPECIAL,37.5110842,127.0597428
서울 관광특구,,3001493,동대문패션타운 관광특구,TOURIST_SPECIAL,37.5673211,127.0112739
서울 관광특구,,3001492,명동 남대문 북창동 다동 무교동 관광특구,TOURIST_SPECIAL,37.5640587,126.9818562
서울 관광특구,,3001491,이태원 관광특구,TOURIST_SPECIAL,37.5343000,126.9943203
서울 관광특구,,3001495,잠실 관광특구,TOURIST_SPECIAL,37.5164311,127.1152409
서울 관광특구,,3001494,종로·청계 관광특구,TOURIST_SPECIAL,37.5700066,126.9976908
환승역 핵심 역세권,,3120234,가락시장역,DEVELOPMENT,37.4946954,127.1187244
환승역 핵심 역세권,,3120203,강남구청역,DEVELOPMENT,37.5162460,127.0406872
환승역 핵심 역세권,,3120189,강남역,DEVELOPMENT,37.4975719,127.0277513
환승역 핵심 역세권,,3120053,건대입구역(건대),DEVELOPMENT,37.5405236,127.0694180
환승역 핵심 역세권,,3120167,고속터미널(고속터미널역),DEVELOPMENT,37.5050534,127.0052590
환승역 핵심 역세권,,3120107,공덕역(공덕오거리),DEVELOPMENT,37.5428048,126.9519773
환승역 핵심 역세권,,3120173,교대역(법원.검찰청),DEVELOPMENT,37.4937089,127.0147796
환승역 핵심 역세권,,3120055,군자역,DEVELOPMENT,37.5571318,127.0793476
환승역 핵심 역세권,,3120115,김포공항역(김포공항),DEVELOPMENT,37.5669394,126.8020182
환승역 핵심 역세권,,3120121,까치산역,DEVELOPMENT,37.5301650,126.8474260
환승역 핵심 역세권,,3120153,노량진역(노량진),DEVELOPMENT,37.5140034,126.9402662
환승역 핵심 역세권,,3120081,노원역,DEVELOPMENT,37.6554671,127.0621814
환승역 핵심 역세권,,3120185,논현역,DEVELOPMENT,37.5110432,127.0218974
환승역 핵심 역세권,,3120176,논현역 4번,DEVELOPMENT,37.5084128,127.0188428
환승역 핵심 역세권,,3120174,논현역 5번,DEVELOPMENT,37.5106025,127.0166491
환승역 핵심 역세권,,3120143,당산역,DEVELOPMENT,37.5347543,126.9011365
환승역 핵심 역세권,,3120142,대림역,DEVELOPMENT,37.4940621,126.8977525
환승역 핵심 역세권,,3120016,동대문역,DEVELOPMENT,37.5712315,127.0113763
환승역 핵심 역세권,,3120037,동대문역사문화공원역,DEVELOPMENT,37.5654564,127.0073799
환승역 핵심 역세권,,3120017,동묘앞역(동묘),DEVELOPMENT,37.5727448,127.0146480
환승역 핵심 역세권,,3120147,보라매역,DEVELOPMENT,37.4993418,126.9210528
환승역 핵심 역세권,,3120022,북창동(시청역_6번),DEVELOPMENT,37.5630218,126.9776460
환승역 핵심 역세권,,3120092,불광역,DEVELOPMENT,37.6086111,126.9294428
환승역 핵심 역세권,,3120163,사당역 11번(사당역먹자골목),DEVELOPMENT,37.4794100,126.9858111
환승역 핵심 역세권,,3120160,사당역(사당),DEVELOPMENT,37.4775264,126.9820694
환승역 핵심 역세권,,3120044,삼각지역,DEVELOPMENT,37.5339186,126.9732761
환승역 핵심 역세권,,3120069,상봉역,DEVELOPMENT,37.5963731,127.0877574
환승역 핵심 역세권,,3120043,서울역,DEVELOPMENT,37.5563535,126.9729399
환승역 핵심 역세권,,3120228,석촌역(석촌호수),DEVELOPMENT,37.5060236,127.1065390
환승역 핵심 역세권,,3120210,선릉역,DEVELOPMENT,37.5046107,127.0493553
환승역 핵심 역세권,,3120207,선정릉역,DEVELOPMENT,37.5114689,127.0454916
환승역 핵심 역세권,,3120224,수서역,DEVELOPMENT,37.4877814,127.1030305
환승역 핵심 역세권,,3120020,시청역_1번,DEVELOPMENT,37.5641384,126.9745557
환승역 핵심 역세권,,3120021,시청역_8번,DEVELOPMENT,37.5617597,126.9742396
환승역 핵심 역세권,,3120187,신논현역,DEVELOPMENT,37.5050238,127.0252772
환승역 핵심 역세권,,3120177,신논현역 1번,DEVELOPMENT,37.5054303,127.0198826
환승역 핵심 역세권,,3120039,신당역,DEVELOPMENT,37.5654285,127.0157219
환승역 핵심 역세권,,3120128,신도림역,DEVELOPMENT,37.5081922,126.8903816
환승역 핵심 역세권,,3120157,신림역(신림),DEVELOPMENT,37.4847242,126.9302379
환승역 핵심 역세권,,3120178,신사역,DEVELOPMENT,37.5159631,127.0195574
환승역 핵심 역세권,,3120062,신설동역,DEVELOPMENT,37.5749506,127.0244971
환승역 핵심 역세권,,3120041,신용산역(용산역),DEVELOPMENT,37.5289965,126.9633335
환승역 핵심 역세권,,3120094,"신촌역(신촌역, 신촌로터리)",DEVELOPMENT,37.5565286,126.9364183
환승역 핵심 역세권,,3120038,약수역,DEVELOPMENT,37.5542838,127.0100270
환승역 핵심 역세권,,3120179,양재역,DEVELOPMENT,37.4844967,127.0340329
환승역 핵심 역세권,,3120149,여의도역(여의도),DEVELOPMENT,37.5226812,126.9262546
환승역 핵심 역세권,,3120090,연신내역,DEVELOPMENT,37.6190669,126.9220704
환승역 핵심 역세권,,3120136,영등포구청역,DEVELOPMENT,37.5253946,126.8928113
환승역 핵심 역세권,,3120239,오금역,DEVELOPMENT,37.5017786,127.1261431
환승역 핵심 역세권,,3120049,왕십리역(왕십리),DEVELOPMENT,37.5609097,127.0372028
환승역 핵심 역세권,,3120040,용산전자상가(용산역),DEVELOPMENT,37.5332757,126.9615551
환승역 핵심 역세권,,3120031,을지로3가역,DEVELOPMENT,37.5662312,126.9916126
환승역 핵심 역세권,,3120033,을지로4가역,DEVELOPMENT,37.5668711,126.9967062
환승역 핵심 역세권,,3120227,잠실역,DEVELOPMENT,37.5139841,127.1012680
환승역 핵심 역세권,,3120009,종로3가역,DEVELOPMENT,37.5716551,126.9906951
환승역 핵심 역세권,,3120079,창동역,DEVELOPMENT,37.6523925,127.0476852
환승역 핵심 역세권,,3120243,천호역,DEVELOPMENT,37.5395234,127.1244416
환승역 핵심 역세권,,3120063,청량리역(청량리),DEVELOPMENT,37.5810071,127.0478094
환승역 핵심 역세권,,3120032,충무로역,DEVELOPMENT,37.5614020,126.9949407
환승역 핵심 역세권,,3120097,충정로역,DEVELOPMENT,37.5604864,126.9630804
환승역 핵심 역세권,,3120086,태릉입구역,DEVELOPMENT,37.6191396,127.0770122
환승역 핵심 역세권,,3120101,합정역,DEVELOPMENT,37.5494683,126.9134859
환승역 핵심 역세권,,3120103,홍대입구역(홍대),DEVELOPMENT,37.5505442,126.9188034
환승역 핵심 역세권,,3120065,회기역,DEVELOPMENT,37.5894180,127.0576201
